MedInc,HouseAge,AveRooms,AveBedrms,Population,AveOccup,Latitude,Longitude,MedHouseVal
3.8141,52.0,5.568,1.0346666666666666,908.0,2.421333333333333,34.08,-118.35,3.42
1.5076,24.0,3.192563081009296,1.0876494023904382,1566.0,2.0796812749003983,33.77,-118.2,1.4580000000000002
3.0952,23.0,5.801324503311259,1.1015452538631347,1210.0,2.6710816777041937,38.65,-121.32,1.577
1.5536,25.0,4.088785046728972,1.0,931.0,4.350467289719626,36.6,-120.19,0.583
2.5038,39.0,4.970822281167108,1.090185676392573,822.0,2.180371352785146,39.14,-121.63,0.6829999999999999
4.125,32.0,5.543478260869565,1.0905797101449275,666.0,2.4130434782608696,33.91,-117.91,2.302
6.5851,26.0,7.989949748743719,0.984924623115578,654.0,3.2864321608040203,34.21,-118.88,3.0
5.2809,28.0,6.872727272727272,1.018181818181818,752.0,2.2787878787878797,36.82,-119.82,1.515
5.898,18.0,6.12982456140351,1.112280701754386,1055.0,3.701754385964912,37.23,-121.78,2.291
3.125,9.0,6.6577540106951885,1.2513368983957218,517.0,2.764705882352941,38.94,-122.69,0.934
1.722,14.0,3.432791728212703,1.1137370753323486,1026.0,1.5155096011816842,38.46,-122.73,1.5
1.6389,29.0,4.573122529644269,1.173913043478261,2027.0,8.011857707509881,33.97,-117.38,1.55
1.6581,48.0,4.00561797752809,0.9297752808988764,784.0,2.202247191011236,34.03,-118.34,1.188
3.95,45.0,4.5210084033613445,0.8949579831932774,781.0,3.2815126050420167,33.95,-118.35,1.64
2.8875,17.0,5.676537585421412,1.1252847380410025,1278.0,2.9111617312072893,32.82,-116.92,1.557
1.7217,16.0,3.8107142857142855,1.1482142857142856,1555.0,2.7767857142857144,33.22,-117.22,1.75
2.1164,34.0,3.985882352941176,1.0705882352941176,1467.0,3.4517647058823533,32.71,-117.14,1.394
5.0385,27.0,5.541095890410959,0.9200913242009132,1301.0,2.970319634703196,37.28,-121.97,2.773
4.0385,33.0,5.0278637770897845,1.043343653250774,1412.0,4.371517027863777,37.36,-121.82,1.676
2.1213,35.0,3.9166666666666665,0.9553571428571428,732.0,2.1785714285714284,38.58,-121.53,0.792
4.5469,4.0,5.219594594594595,1.027027027027027,788.0,2.6621621621621623,33.68,-117.81,5.00001
1.9797,22.0,2.8020050125313283,1.0952380952380951,1190.0,2.982456140350877,33.77,-118.2,1.4380000000000002
4.0391,33.0,5.196141479099678,1.0353697749196142,580.0,1.864951768488746,34.16,-118.44,3.375
3.5524,27.0,5.791569086651053,0.936768149882904,1271.0,2.976580796252928,35.4,-118.96,0.8909999999999999
4.26,46.0,5.959785522788204,0.967828418230563,968.0,2.5951742627345844,34.02,-118.33,1.826
2.0057,42.0,4.6208425720620845,1.146341463414634,1062.0,2.354767184035477,33.96,-118.33,1.982
3.0773,15.0,3.9102902374670174,0.9102902374670184,669.0,1.7651715039577835,34.43,-119.82,1.125
5.1067,40.0,6.353430353430354,1.0166320166320166,1103.0,2.2931392931392933,37.93,-122.32,2.4730000000000003
2.2031,22.0,3.8241469816272966,1.0078740157480317,2962.0,3.887139107611549,37.35,-121.84,1.64
4.2218,48.0,5.075471698113208,1.0062893081761006,684.0,2.150943396226415,34.02,-118.34,1.81
2.6087,21.0,5.193029490616622,1.0428954423592494,1002.0,2.6863270777479893,37.25,-121.0,0.962
3.3095,33.0,5.474120082815736,0.9503105590062112,1113.0,2.3043478260869565,41.74,-122.64,0.813
2.625,31.0,4.416666666666667,0.9345238095238096,1163.0,3.461309523809524,37.96,-121.22,0.721
5.9546,39.0,5.669064748201438,0.920863309352518,413.0,2.971223021582734,34.13,-118.08,3.967
8.8612,24.0,7.9016393442622945,1.0163934426229508,1514.0,2.7577413479052817,34.25,-118.51,5.00001
4.625,16.0,4.984375,0.921875,149.0,2.328125,34.07,-118.6,4.333
3.5234,31.0,4.220588235294118,1.0833333333333333,1675.0,2.7369281045751634,33.91,-118.35,2.65
4.5337,31.0,5.524390243902439,1.0528455284552845,2544.0,3.4471544715447155,37.68,-122.47,3.067
3.225,35.0,6.5700934579439245,1.0934579439252337,290.0,2.710280373831776,38.04,-121.19,1.771
3.2219,31.0,4.825958702064896,1.12094395280236,1468.0,4.330383480825959,36.51,-121.44,1.147
2.4028,19.0,4.3478260869565215,0.917391304347826,572.0,2.4869565217391303,34.1,-117.39,1.125
7.1572,25.0,7.705882352941178,1.0341555977229602,1623.0,3.079696394686907,33.76,-118.04,2.949
3.4115,16.0,5.408719346049045,1.0504087193460492,1202.0,1.6376021798365124,33.62,-117.64,1.848
5.1356,10.0,5.144312393887946,0.9745331069609507,1623.0,2.7555178268251272,37.26,-121.82,2.187
5.1185,15.0,6.2020905923344944,1.0331010452961673,1757.0,3.0609756097560976,32.85,-116.89,1.853
4.5943,10.0,4.469437652811736,1.1075794621026895,1356.0,3.3154034229828846,37.29,-121.83,1.235
1.425,43.0,3.6909090909090914,1.018181818181818,1805.0,4.102272727272728,37.96,-121.27,0.613
5.6428,43.0,4.980582524271845,0.9514563106796116,266.0,2.5825242718446604,34.01,-118.46,3.431
4.7727,35.0,6.0,0.9644549763033176,1338.0,3.170616113744076,34.27,-119.25,2.19
3.375,47.0,4.473684210526316,0.943609022556391,540.0,2.030075187969925,37.72,-122.15,1.983
3.2105,28.0,5.91820580474934,1.0527704485488127,1464.0,3.8627968337730874,34.08,-117.18,0.903
2.2375,19.0,4.742105263157895,0.963157894736842,700.0,3.684210526315789,36.94,-120.06,0.643
4.1379,3.0,4.458029197080292,1.1624087591240877,1033.0,1.885036496350365,33.56,-117.7,1.833
3.5128,23.0,5.177777777777779,0.9506172839506172,911.0,2.2493827160493827,36.74,-119.69,1.216
5.6506,10.0,7.092150170648464,1.0392491467576792,1878.0,3.204778156996587,37.99,-121.79,1.786
2.5388,15.0,3.887173396674585,1.0629453681710217,1872.0,2.2232779097387168,32.85,-116.93,1.19
2.4167,31.0,4.105263157894736,1.0202429149797572,1064.0,4.307692307692308,34.03,-118.17,1.255
6.2356,42.0,4.636085626911315,1.0428134556574924,634.0,1.9388379204892967,33.88,-118.4,4.727
4.8304,32.0,4.929648241206031,0.9723618090452262,1274.0,3.201005025125628,33.95,-118.08,1.606
4.0764,32.0,4.979716024340772,1.1277890466531442,989.0,2.006085192697769,34.16,-118.36,3.25
4.8152,36.0,5.637323943661972,1.0211267605633805,715.0,2.517605633802817,33.97,-118.03,2.324
6.1805,18.0,5.876388888888888,1.0111111111111108,2030.0,2.8194444444444446,32.86,-117.19,2.724
12.0933,10.0,8.179012345679013,1.1666666666666667,427.0,2.635802469135802,37.98,-122.46,5.00001
2.5806,20.0,5.568438003220612,1.0483091787439611,1465.0,2.359098228663446,35.44,-119.01,0.825
3.5707,29.0,5.50379746835443,1.058227848101266,1030.0,2.607594936708861,34.21,-118.22,3.417
1.0649,43.0,3.5646258503401365,1.0612244897959184,1320.0,4.489795918367347,38.56,-121.51,1.375
2.9,19.0,6.183510638297872,1.1436170212765957,967.0,2.5718085106382977,38.75,-120.7,1.587
2.108,52.0,5.24468085106383,0.946808510638298,189.0,2.0106382978723403,38.75,-121.28,0.838
1.5743,31.0,4.544871794871796,0.9807692307692308,1219.0,3.907051282051282,35.36,-118.97,0.467
1.7898,35.0,4.970394736842105,1.0394736842105263,892.0,2.9342105263157894,37.96,-121.26,0.635
2.9414,20.0,4.6776470588235295,0.9976470588235294,1277.0,3.0047058823529413,33.77,-117.97,1.622
3.1065,36.0,4.710594315245479,1.0594315245478036,1589.0,4.105943152454779,37.35,-121.93,2.341
5.0391,28.0,5.867796610169492,1.0,810.0,2.7457627118644066,37.91,-122.07,2.5980000000000003
2.1078,43.0,4.707520891364903,1.0557103064066853,1017.0,2.832869080779944,34.03,-118.36,1.335
2.3466,28.0,5.227777777777779,0.9722222222222222,588.0,3.2666666666666666,36.3,-119.65,0.534
2.4207,31.0,3.850202429149797,1.1214574898785423,1485.0,3.0060728744939267,37.32,-121.92,1.656
2.5603,52.0,3.608235294117647,1.0235294117647058,2122.0,2.4964705882352938,37.8,-122.42,2.875
4.0781,36.0,5.605263157894738,0.9736842105263158,699.0,2.6278195488721803,33.85,-118.15,2.173
6.3258,16.0,6.412621359223301,1.087378640776699,650.0,3.155339805825242,37.06,-121.96,3.9
5.9333,17.0,6.917748917748918,0.9610389610389608,1581.0,3.4220779220779223,33.95,-117.55,2.294
2.918,39.0,3.891737891737892,1.0446343779677112,2054.0,1.9506172839506173,34.0,-118.46,3.4560000000000004
3.6648,34.0,4.297539149888143,0.9440715883668904,1230.0,2.751677852348993,34.06,-117.94,1.939
2.5363,16.0,5.279411764705882,1.0647058823529412,1642.0,4.829411764705882,37.07,-120.85,0.863
5.276,23.0,6.845559845559846,1.0675675675675675,1533.0,2.95945945945946,33.19,-117.34,2.245
8.2673,21.0,7.539614561027838,0.9571734475374732,1396.0,2.989293361884368,37.87,-122.03,3.587
1.7427,32.0,4.757575757575758,1.0171277997364954,2060.0,2.7140974967061924,40.69,-122.36,0.606
2.9569,27.0,6.233082706766917,1.1954887218045114,2362.0,4.439849624060151,33.82,-116.49,0.659
3.0288,40.0,5.125506072874495,1.040485829959514,547.0,2.214574898785425,38.13,-121.73,1.644
4.0679,24.0,6.347394540942927,1.0496277915632757,1149.0,2.8511166253101736,38.91,-121.11,1.905
6.2475,26.0,5.824561403508773,0.95906432748538,980.0,2.865497076023392,37.34,-122.02,3.5
11.1557,24.0,7.921875,1.0885416666666667,539.0,2.8072916666666665,37.24,-122.04,5.00001
3.825,27.0,4.5245098039215685,0.9117647058823528,1014.0,4.970588235294118,33.88,-118.08,1.595
1.6023,35.0,6.3235294117647065,1.3235294117647058,100.0,2.9411764705882355,37.95,-122.37,0.813
7.9013,5.0,8.31929347826087,1.1209239130434785,2440.0,3.315217391304348,34.3,-118.67,3.93
1.6838,19.0,4.350746268656716,0.8432835820895522,531.0,3.9626865671641776,32.7,-115.4,0.958
1.6607,37.0,4.031578947368422,0.9947368421052633,639.0,3.363157894736842,36.08,-119.56,0.421
5.7358,7.0,6.450746268656716,0.9711442786069652,3269.0,3.25273631840796,32.63,-117.01,2.216
2.4196,34.0,3.520208604954368,0.9947848761408083,2815.0,3.670143415906128,33.97,-118.19,1.784
3.46,32.0,6.8843137254901965,1.2666666666666666,1733.0,3.3980392156862744,34.71,-117.96,1.239
8.4196,21.0,7.207476635514019,1.022429906542056,1422.0,2.6579439252336448,34.15,-118.58,4.507
2.8261,19.0,4.34156976744186,0.9825581395348836,1782.0,2.5901162790697674,38.34,-122.7,1.545
4.1042,36.0,5.822085889570554,1.0061349693251531,502.0,3.079754601226994,33.92,-118.25,1.244
2.3889,6.0,6.316614420062696,1.2946708463949843,992.0,3.1097178683385582,36.09,-119.57,0.532
4.559,23.0,6.556213017751478,1.118343195266272,1006.0,2.976331360946745,40.51,-122.24,1.168
2.3108,28.0,5.134357005758157,1.0115163147792707,1392.0,2.671785028790787,36.76,-119.71,0.72
4.8047,15.0,4.933515482695809,1.0919854280510015,2593.0,2.3615664845173043,37.53,-122.28,4.38
1.1912,32.0,6.356164383561644,1.6164383561643836,703.0,2.4075342465753424,38.97,-122.65,0.6
4.8611,35.0,7.15748031496063,1.4488188976377954,682.0,2.6850393700787403,37.09,-122.02,2.4
2.1971,52.0,3.0926640926640925,1.05019305019305,639.0,2.467181467181468,37.75,-122.42,2.75
2.25,14.0,4.734335839598997,1.1804511278195489,853.0,2.137844611528822,39.22,-121.04,1.125
1.7866,25.0,1.6785714285714286,1.0663265306122451,2796.0,3.5663265306122454,34.05,-118.27,3.25
4.285,34.0,5.208469055374593,0.9641693811074918,938.0,3.055374592833876,33.87,-117.95,1.849
4.4559,21.0,4.778645833333333,1.1119791666666667,1038.0,2.703125,33.81,-118.19,1.985
5.3363,9.0,6.284931506849315,1.0657534246575342,1142.0,3.128767123287671,38.01,-121.93,1.608
4.0027,13.0,5.785185185185185,1.0098765432098766,1347.0,3.3259259259259264,36.75,-119.69,0.931
3.9009,33.0,4.272030651340996,0.9578544061302682,1168.0,4.475095785440613,37.28,-121.83,1.786
5.0194,38.0,5.961206896551723,1.0258620689655171,649.0,2.7974137931034484,33.97,-117.4,1.489
3.6375,26.0,4.933774834437086,1.0662251655629138,247.0,1.6357615894039734,33.86,-117.92,1.339
2.785,36.0,5.289029535864978,0.9831223628691984,1227.0,2.588607594936709,36.77,-119.76,0.723
3.0197,28.0,4.266666666666667,1.1,214.0,3.566666666666667,36.67,-121.64,1.375
4.5417,21.0,5.9035087719298245,1.0460526315789471,1330.0,2.9166666666666665,34.25,-118.47,2.389
4.6806,18.0,4.633802816901408,1.0140845070422535,209.0,2.943661971830986,33.86,-117.85,1.875
1.6522,37.0,4.897435897435898,1.0073260073260073,767.0,2.8095238095238093,35.31,-119.0,0.5329999999999999
7.5794,37.0,6.8773946360153255,1.091954022988506,791.0,3.0306513409961684,37.35,-122.09,5.00001
1.4727,33.0,5.0773809523809526,1.0694444444444444,1583.0,3.1408730158730163,39.13,-121.61,0.53
9.9055,19.0,9.830769230769231,1.1692307692307693,822.0,3.1615384615384614,33.81,-117.82,4.569
3.6118,34.0,5.459363957597172,1.047703180212014,1588.0,2.8056537102473498,38.0,-121.79,1.247
2.4069,52.0,3.538116591928252,1.0919282511210762,879.0,1.97085201793722,32.73,-117.17,2.15
5.8324,17.0,6.457960644007156,1.0608228980322003,1734.0,3.1019677996422184,36.9,-121.29,3.742
4.9013,45.0,5.635220125786162,0.9465408805031448,829.0,2.606918238993711,37.56,-122.31,3.301
5.2108,31.0,5.846153846153847,1.0839160839160842,1604.0,2.804195804195804,37.34,-122.0,3.515
1.7446,23.0,3.776422764227642,1.1199186991869918,1506.0,3.0609756097560976,32.75,-117.1,0.852
1.8929,30.0,2.96875,1.0477941176470589,1245.0,2.2886029411764706,34.14,-118.25,1.969
3.0469,25.0,6.386666666666668,1.149333333333333,983.0,2.6213333333333333,40.66,-123.74,1.36
3.1875,31.0,5.46218487394958,1.0728291316526608,870.0,2.4369747899159657,34.17,-118.57,5.00001
3.8672,15.0,5.437333333333332,1.024,1178.0,3.1413333333333333,38.11,-121.27,1.2009999999999998
2.375,10.0,4.064456721915287,1.1860036832412524,2232.0,4.110497237569061,34.95,-120.45,0.985
2.9083,14.0,3.6482084690553744,1.0390879478827362,982.0,3.1986970684039084,33.76,-118.0,1.7919999999999998
3.4265,52.0,4.703448275862068,1.0367816091954023,944.0,2.170114942528736,34.07,-118.36,4.569
2.6944,36.0,5.333333333333333,1.0526315789473684,647.0,2.8377192982456134,40.54,-122.38,0.753
2.053,31.0,2.348333333333333,1.0433333333333332,4126.0,3.438333333333333,34.05,-118.29,2.292
6.0571,17.0,6.207598371777476,1.0366350067842605,2054.0,2.7869742198100407,33.92,-117.87,2.724
4.0398,23.0,5.154782608695652,1.0469565217391303,3570.0,3.1043478260869564,33.77,-117.85,2.331
3.755,15.0,5.363076923076923,0.953846153846154,1011.0,3.1107692307692307,36.81,-119.85,0.68
2.0926,11.0,4.134939759036143,0.9734939759036144,722.0,1.7397590361445785,38.61,-121.34,1.661
10.1248,25.0,7.545454545454546,0.9710743801652892,1525.0,3.150826446280992,34.06,-117.87,4.285
2.0524,31.0,3.602094240837696,1.068062827225131,2461.0,4.294938917975567,33.97,-118.14,1.608
3.55,20.0,6.138823529411765,1.128235294117647,2302.0,2.708235294117647,34.12,-118.05,4.767
4.05,20.0,6.220264317180617,0.9955947136563876,700.0,3.0837004405286343,38.67,-121.22,1.307
1.7158,37.0,4.285333333333333,1.0053333333333334,1526.0,4.069333333333334,33.91,-118.24,0.943
2.625,23.0,4.728888888888889,0.9822222222222222,1047.0,2.3266666666666667,36.8,-119.72,0.715
5.3307,25.0,5.12037037037037,0.9583333333333334,888.0,4.111111111111111,33.84,-118.23,2.07
2.6023,26.0,13.985507246376812,2.833333333333333,307.0,2.2246376811594204,39.26,-120.01,1.393
1.8564,37.0,3.814814814814815,1.0507544581618655,2586.0,3.5473251028806585,34.03,-118.3,1.875
3.1546,34.0,4.669576059850374,1.1945137157107233,1622.0,2.0224438902743143,36.98,-121.95,2.612
4.6649,24.0,5.631703470031546,1.0488958990536277,3418.0,2.6955835962145107,33.72,-118.04,2.378
3.6995,38.0,5.2885032537960965,0.9587852494577006,1308.0,2.837310195227765,34.1,-118.06,2.6010000000000004
3.1462,19.0,2.76530612244898,1.119047619047619,2079.0,1.4142857142857144,37.78,-122.42,1.875
6.8279,2.0,8.78297161936561,1.2737896494156928,1460.0,2.437395659432388,33.51,-117.7,2.79
3.636,9.0,5.994983277591972,1.137123745819398,1800.0,3.0100334448160537,38.11,-120.91,1.331
5.2853,31.0,5.169444444444443,1.1944444444444444,736.0,2.0444444444444443,34.15,-118.42,3.559
1.3134,48.0,3.6625,1.1,1859.0,4.6475,34.02,-118.26,0.962
3.8464,17.0,3.699692307692308,1.0689230769230769,3539.0,2.1778461538461538,37.36,-122.0,2.394
3.275,34.0,5.45945945945946,1.054054054054054,1293.0,2.9121621621621623,33.93,-118.01,1.899
3.4531,26.0,4.983935742971887,1.0562248995983936,2563.0,3.431057563587684,36.61,-121.83,1.331
6.776,21.0,6.753371868978807,1.0240847784200386,3331.0,3.2090558766859343,34.37,-118.55,2.781
7.0735,14.0,8.056485355648535,1.1171548117154813,2052.0,4.292887029288703,37.38,-121.87,3.3560000000000003
1.4952,42.0,5.00990099009901,1.264026402640264,656.0,2.165016501650165,39.88,-123.71,0.698
4.5658,33.0,5.74468085106383,1.2644376899696048,859.0,2.610942249240121,33.62,-117.93,5.00001
1.9032,15.0,4.3313953488372094,1.056201550387597,1376.0,2.6666666666666665,39.14,-123.21,1.0
11.1978,32.0,7.270343580470163,1.0316455696202531,2768.0,2.5027124773960217,34.1,-118.47,5.00001
5.1408,36.0,4.12303664921466,0.9921465968586388,1036.0,2.712041884816754,37.4,-122.09,2.647
1.9236,52.0,4.5064935064935066,1.0909090909090908,558.0,2.415584415584416,34.07,-117.65,1.172
1.6667,13.0,4.015923566878982,1.1449044585987258,1381.0,2.1990445859872607,40.91,-124.08,0.7879999999999999
5.1178,28.0,5.839541547277937,0.9426934097421203,947.0,2.713467048710602,37.98,-122.26,1.98
4.9135,52.0,6.676549865229111,1.0377358490566038,993.0,2.67654986522911,34.16,-118.25,3.681
4.1115,35.0,4.908333333333333,0.9958333333333332,1659.0,3.45625,33.79,-117.98,1.797
2.4931,36.0,3.668639053254438,1.0325443786982251,1383.0,4.091715976331361,34.07,-118.1,1.703
1.9963,52.0,4.507352941176472,0.9889705882352942,693.0,2.547794117647059,34.07,-117.32,0.769
4.4597,29.0,5.6157894736842096,1.1228070175438596,1722.0,3.0210526315789474,37.14,-122.11,2.041
6.1228,17.0,6.6650793650793645,0.9984126984126984,2020.0,3.2063492063492065,37.55,-122.28,3.757
1.9219,31.0,3.871401151631478,1.0863723608445297,2063.0,3.9596928982725528,33.97,-118.28,1.07
10.6349,24.0,6.340361445783132,1.0421686746987953,712.0,2.144578313253012,33.53,-117.76,5.00001
2.1767,45.0,4.841059602649007,1.0198675496688745,924.0,3.0596026490066226,37.74,-122.39,1.853
3.0862,35.0,4.6978967495219885,1.0554493307839388,1159.0,2.216061185468451,34.05,-118.37,3.4530000000000003
4.1304,27.0,4.683727034120736,0.9986876640419948,3339.0,4.381889763779528,34.09,-117.97,1.605
2.8919,52.0,5.140506329113924,1.089873417721519,2290.0,2.8987341772151898,34.1,-118.14,2.584
2.8058,47.0,3.5497237569060776,1.0814917127071824,3107.0,4.291436464088398,37.48,-122.22,2.295
2.8512,35.0,5.525333333333332,1.0266666666666666,1029.0,2.744,40.58,-122.41,0.7559999999999999
7.9213,44.0,6.44811320754717,0.9787735849056604,1057.0,2.4929245283018866,34.13,-118.18,4.7780000000000005
3.375,15.0,5.342657342657343,1.013986013986014,366.0,2.55944055944056,38.78,-122.59,1.031
3.62,4.0,4.9629331184528604,1.216760676873489,2649.0,2.1345688960515714,37.69,-121.89,1.393
2.2827,48.0,5.049586776859504,1.0909090909090908,947.0,2.608815426997245,35.36,-119.02,0.7
3.29,32.0,4.281675392670157,1.0209424083769634,3775.0,3.952879581151832,34.07,-118.08,2.055
2.5455,32.0,3.878787878787879,1.0389610389610389,548.0,2.3722943722943723,35.28,-120.65,1.659
4.2132,36.0,5.3478260869565215,0.9937888198757764,794.0,2.4658385093167703,34.11,-118.01,2.122
2.7457,37.0,5.632727272727273,1.0945454545454545,863.0,3.138181818181818,38.16,-122.41,2.547
2.7138,8.0,6.931897150799166,1.2112578179291174,6835.0,4.749826268241836,35.43,-116.57,0.225
2.2429,26.0,3.4608208955223883,1.0317164179104477,1109.0,2.069029850746269,34.1,-117.66,1.5
3.1389,35.0,4.813895781637717,0.9528535980148884,1177.0,2.9205955334987594,38.25,-122.03,1.011
2.0,44.0,4.760479041916168,1.083832335329341,716.0,4.287425149700598,33.94,-118.26,0.903
3.1349,29.0,4.321937321937322,1.0427350427350428,1776.0,2.52991452991453,34.27,-118.33,2.302
1.2206,20.0,3.9465408805031448,1.1320754716981132,1201.0,3.776729559748428,33.79,-118.18,1.625
2.5972,29.0,4.037974683544304,0.8955696202531646,1216.0,3.848101265822785,34.08,-117.71,1.3430000000000002
4.5221,16.0,6.125,1.1590909090909092,667.0,2.5265151515151514,37.22,-121.77,1.911
8.401,26.0,7.530805687203793,1.056872037914692,542.0,2.5687203791469195,37.83,-122.2,3.512
1.7961,35.0,4.081850533807828,1.0320284697508897,818.0,2.9110320284697515,34.01,-118.3,1.117
4.1378,24.0,4.582306830907054,1.0,2819.0,3.156774916013438,33.83,-118.29,2.165
1.8125,45.0,2.541284403669725,0.981651376146789,888.0,4.073394495412844,34.03,-118.22,1.396
3.1814,28.0,5.677811550151977,1.0638297872340423,898.0,2.729483282674772,36.83,-119.69,0.789
3.1779,17.0,4.787356321839081,1.0842911877394636,781.0,1.4961685823754791,33.61,-117.75,1.865
7.3028,45.0,6.849180327868853,1.0229508196721309,834.0,2.734426229508197,34.04,-118.39,5.00001
3.3616,35.0,5.8893280632411065,1.0,705.0,2.7865612648221343,34.15,-117.27,0.953
3.625,25.0,5.405172413793104,1.0377155172413792,2133.0,2.2984913793103448,36.82,-119.78,0.895
2.9125,21.0,5.240963855421687,1.1566265060240963,219.0,2.6385542168674703,37.76,-120.83,1.125
5.7709,4.0,5.181347150259066,1.093264248704663,833.0,2.1580310880829017,33.65,-117.58,1.903
1.9386,33.0,4.384418901660282,1.0025542784163477,1806.0,2.3065134099616857,36.79,-119.79,0.675
10.3953,8.0,8.225071225071225,1.0,1176.0,3.3504273504273505,33.58,-117.69,5.00001
7.866,36.0,6.656957928802589,1.064724919093851,658.0,2.129449838187702,33.56,-117.79,5.00001
4.6694,28.0,6.181425485961123,1.0323974082073435,1384.0,2.9892008639308854,34.89,-120.43,1.582
4.0631,9.0,5.677859391395593,1.0461699895068206,6241.0,3.2743966421825808,35.3,-119.05,0.882
2.9821,31.0,5.936619718309858,1.204225352112676,1504.0,3.5305164319248825,33.92,-117.5,1.156
3.1771,52.0,4.8279069767441865,1.0232558139534884,482.0,2.2418604651162792,37.77,-122.25,2.102
1.0625,20.0,4.546511627906976,1.0116279069767442,523.0,2.0271317829457365,39.75,-121.62,0.928
5.5106,10.0,5.789976133651551,1.0167064439140812,966.0,2.305489260143198,34.6,-120.12,2.909
1.8438,35.0,4.623853211009174,1.1559633027522935,323.0,2.963302752293578,37.74,-122.18,0.905
1.8641,43.0,3.5779967159277506,1.1198686371100164,2624.0,4.308702791461412,34.01,-118.26,1.082
3.8611,32.0,5.132978723404255,0.9734042553191492,568.0,3.021276595744681,38.7,-121.46,0.939
5.0814,25.0,5.29404309252218,1.0544993662864386,2123.0,2.6907477820025347,33.8,-118.34,4.468
2.2311,52.0,2.879120879120879,0.989010989010989,756.0,2.769230769230769,34.1,-118.32,2.063
2.8711,48.0,4.419700214132762,1.0364025695931478,1055.0,2.259100642398287,37.76,-122.47,3.2960000000000003
3.9643,46.0,5.526315789473684,1.0526315789473684,69.0,3.631578947368421,34.0,-118.41,2.75
4.7143,17.0,6.466666666666668,1.0646464646464646,1244.0,2.5131313131313133,38.46,-122.68,2.029
2.9624,16.0,4.414079822616409,1.0426829268292683,3769.0,2.0892461197339247,32.77,-117.04,1.4469999999999998
3.9219,35.0,4.76948051948052,0.9935064935064936,1285.0,4.172077922077921,34.03,-117.92,1.595
2.4003,14.0,5.05892547660312,1.197573656845754,1896.0,3.2859618717504326,35.1,-120.61,1.421
3.567,52.0,4.550632911392405,1.0253164556962024,1340.0,2.1202531645569622,37.76,-122.25,2.529
6.5474,29.0,7.090909090909091,0.9893048128342246,586.0,3.1336898395721926,34.19,-118.86,4.229
5.0956,21.0,5.808917197452228,1.0414012738853504,2266.0,3.6082802547770703,33.7,-117.87,2.46
2.1542,27.0,3.1821428571428565,1.0,1785.0,3.1875,32.66,-117.1,1.063
6.2513,14.0,6.244623655913978,1.0026881720430108,1057.0,2.841397849462365,33.05,-117.26,2.4090000000000003
10.6605,50.0,7.3794642857142865,1.125,641.0,2.8616071428571432,37.73,-122.47,5.00001
1.775,44.0,4.299270072992701,0.9489051094890508,504.0,3.678832116788321,34.1,-117.3,0.634
4.6635,28.0,6.417266187050361,1.118705035971223,735.0,2.643884892086331,37.64,-122.1,2.067
4.3125,52.0,4.242424242424242,1.019283746556474,1136.0,3.1294765840220387,37.74,-122.42,2.43
3.1667,36.0,5.560640732265446,0.9748283752860412,1199.0,2.7437070938215102,38.53,-121.43,0.8190000000000001
3.3534,26.0,6.087096774193548,1.1548387096774193,1913.0,3.085483870967741,34.13,-117.24,0.989
1.7167,24.0,5.4,1.273170731707317,768.0,3.7463414634146335,39.1,-121.59,0.488
6.5954,17.0,7.683018867924527,1.0264150943396226,713.0,2.690566037735849,33.44,-117.61,3.462
5.0206,8.0,6.5,0.986206896551724,835.0,2.8793103448275863,34.95,-120.4,2.61
4.6727,5.0,5.395330739299611,1.0202334630350194,3845.0,2.9922178988326853,34.02,-117.57,1.589
4.4821,33.0,6.22463768115942,1.0434782608695652,421.0,3.0507246376811588,34.15,-117.94,2.201
2.2917,34.0,4.367857142857143,1.0035714285714286,824.0,2.9428571428571435,37.74,-122.17,0.925
1.7875,18.0,5.270440251572327,1.0440251572327044,733.0,2.3050314465408803,39.76,-121.58,1.038
3.1591,19.0,6.452132701421801,1.1033175355450238,2703.0,2.562085308056872,33.71,-116.91,1.897
1.4625,43.0,5.144,1.16,2400.0,3.84,38.53,-121.47,0.544
2.125,17.0,16.8125,4.421875,171.0,2.671875,39.4,-120.09,0.8390000000000001
2.1827,52.0,4.3442307692307685,1.0326923076923078,957.0,1.8403846153846155,38.45,-122.71,1.888
2.6637,14.0,3.925438596491228,1.0789473684210529,1933.0,2.1195175438596494,35.34,-119.05,1.75
1.9643,32.0,3.882249560632689,1.149384885764499,1718.0,3.0193321616871707,34.06,-117.72,1.132
5.5124,34.0,3.9156626506024095,0.7228915662650602,433.0,5.216867469879519,34.26,-118.44,1.743
2.2813,21.0,5.207272727272726,1.0327272727272727,862.0,3.1345454545454547,39.42,-121.71,0.5760000000000001
2.5326,42.0,3.930278884462152,1.0159362549800797,1841.0,3.667330677290837,34.01,-118.14,1.565
4.7685,5.0,4.331352154531946,1.0950965824665675,3959.0,1.96087171867261,37.39,-122.04,2.801
0.76,10.0,2.6515151515151514,1.0545454545454545,546.0,1.6545454545454543,37.81,-122.27,1.625
6.0,34.0,6.566298342541437,1.0,1055.0,2.914364640883978,34.23,-118.23,3.671
2.1667,36.0,6.573099415204679,1.0760233918128654,504.0,2.9473684210526314,39.18,-121.43,0.938
2.1635,43.0,4.533333333333333,0.9952380952380953,392.0,1.8666666666666667,32.72,-117.23,2.442
9.5268,13.0,7.139275766016714,0.99025069637883,2429.0,3.383008356545961,33.67,-118.07,4.379
3.8824,36.0,5.156398104265403,1.09478672985782,617.0,2.924170616113744,33.91,-118.11,1.931
4.9219,35.0,6.154061624649861,0.9887955182072832,945.0,2.647058823529412,32.82,-117.19,1.929
6.01,43.0,5.100961538461538,1.0,514.0,2.4711538461538463,34.23,-118.24,2.542
2.48,20.0,4.6453900709219855,1.0780141843971631,1538.0,2.181560283687943,37.69,-121.01,1.356
2.3456,25.0,4.04930966469428,1.1400394477317557,1721.0,3.3944773175542404,33.91,-118.15,1.461
5.7121,27.0,6.335347432024169,0.9818731117824774,1217.0,3.676737160120846,33.73,-117.97,2.225
1.5208,28.0,4.425954198473282,1.1526717557251909,2406.0,3.673282442748092,34.1,-117.31,0.695
2.8169,29.0,4.266558966074314,1.0290791599353797,2413.0,3.898222940226172,33.84,-118.0,1.651
5.888,13.0,5.922448979591838,1.0938775510204082,1125.0,2.295918367346939,33.67,-118.01,4.477
3.0859,13.0,4.497902097902098,1.06993006993007,1627.0,2.275524475524476,37.95,-121.96,1.6780000000000002
10.5144,8.0,7.981052631578947,1.0252631578947369,1424.0,2.9978947368421047,36.85,-119.84,3.459
2.4861,36.0,4.655555555555557,1.1666666666666667,722.0,4.011111111111111,33.88,-117.56,0.962
4.049,19.0,6.121731289449955,1.0820559062218214,2325.0,2.096483318304779,36.83,-119.81,1.26
2.567,18.0,5.022556390977443,1.0018796992481205,1151.0,2.1635338345864663,39.79,-121.6,1.029
5.3972,30.0,6.416666666666668,1.0095238095238095,1098.0,2.6142857142857143,36.97,-122.04,3.623
1.9038,34.0,2.341232227488152,1.1345971563981043,2326.0,2.204739336492891,34.06,-118.31,3.25
2.3333,47.0,4.76878612716763,1.0809248554913296,416.0,2.4046242774566475,34.0,-118.33,1.3330000000000002
4.517,21.0,5.7493036211699176,0.9526462395543176,1021.0,2.844011142061281,38.03,-121.09,1.5219999999999998
3.0156,37.0,4.818740399385561,1.0522273425499231,2048.0,3.1459293394777266,37.33,-121.87,2.7030000000000003
2.4596,35.0,2.872549019607843,1.068627450980392,1741.0,4.2671568627450975,33.99,-118.19,1.547
2.2278,52.0,6.220883534136545,1.104417670682731,604.0,2.42570281124498,39.25,-121.02,1.554
3.6437,17.0,5.158730158730159,1.0738440303657697,2092.0,1.4437543133195307,37.85,-122.06,1.865
3.2462,37.0,4.191219512195122,1.062439024390244,2100.0,2.048780487804878,37.97,-122.51,3.294
2.8649,17.0,4.223300970873788,1.0800970873786409,1158.0,2.8106796116504853,33.89,-117.97,1.375
7.0813,30.0,6.096774193548387,1.0860215053763442,1197.0,3.217741935483871,37.3,-122.08,4.853
1.2679,30.0,4.607843137254903,1.0343137254901962,1071.0,5.25,33.94,-118.24,0.92
2.6979,33.0,4.075242718446602,0.9805825242718448,933.0,2.2645631067961167,34.17,-118.43,2.66
3.7949,13.0,5.83225806451613,1.0725806451612905,2189.0,3.5306451612903227,34.17,-117.33,1.063
5.0062,30.0,5.71502590673575,1.116580310880829,2168.0,2.8082901554404147,37.27,-121.91,2.32
2.6734,31.0,3.705229793977813,1.0332805071315372,3289.0,5.212361331220285,33.74,-117.87,1.585
6.8870000000000005,37.0,5.915094339622643,0.8962264150943396,259.0,2.443396226415094,33.77,-118.32,5.00001
3.6875,42.0,5.707865168539327,0.9737827715355806,651.0,2.4382022471910108,37.78,-122.17,1.5730000000000002
2.1165,48.0,6.898423817863398,1.5061295971978983,1257.0,2.2014010507880912,38.53,-122.97,0.987
2.9922,35.0,4.719844357976654,1.0291828793774318,2010.0,3.9105058365758754,33.97,-118.1,1.635
3.5912,52.0,4.657407407407407,1.0666666666666669,1209.0,2.2388888888888894,37.75,-122.41,2.849
3.695,40.0,4.5935483870967735,0.9612903225806452,533.0,3.438709677419354,34.22,-118.39,1.652
4.5125,35.0,5.363344051446945,1.067524115755627,807.0,2.5948553054662384,34.21,-118.5,2.003
2.6071,16.0,5.7750677506775085,1.1490514905149052,989.0,2.680216802168021,37.38,-119.72,1.037
2.6974,31.0,4.614906832298137,1.0714285714285714,823.0,2.5559006211180124,35.12,-120.61,1.654
4.5766,18.0,6.088541666666668,0.96875,614.0,3.1979166666666665,38.56,-121.32,1.087
1.7756,21.0,4.904761904761905,1.0376984126984128,1238.0,2.4563492063492065,36.07,-119.05,0.629
1.6346,18.0,5.467532467532466,1.0805194805194804,974.0,2.5298701298701296,39.5,-121.62,0.633
2.8837,38.0,4.240641711229946,1.032085561497326,601.0,3.2139037433155084,33.83,-118.21,1.761
3.0391,20.0,5.598778004073321,1.1710794297352345,1195.0,2.433808553971487,36.41,-118.86,1.3969999999999998
2.1284,27.0,4.4206730769230775,1.0625,2010.0,4.831730769230768,37.96,-121.34,0.594
1.6776,32.0,3.821739130434784,1.117391304347826,1057.0,4.595652173913043,33.97,-118.25,1.148
4.1939,44.0,4.936046511627907,0.9903100775193798,1577.0,3.056201550387597,37.71,-122.47,2.379
5.0255,45.0,6.487394957983192,1.0252100840336134,614.0,2.5798319327731094,37.93,-122.07,2.26
3.6292,8.0,5.5936599423631135,1.0605187319884726,2864.0,2.751200768491835,38.45,-122.76,1.836
4.0018,14.0,3.5860555826426133,1.1740614334470991,3100.0,1.5114578254509996,37.84,-122.3,1.4380000000000002
3.775,9.0,5.552158273381295,1.0953237410071943,1530.0,2.75179856115108,32.68,-117.04,1.25
1.2059,18.0,2.537037037037037,1.0897435897435896,1913.0,2.725071225071225,33.98,-118.22,2.55
1.9309,31.0,3.7628205128205128,1.1004273504273503,1810.0,3.867521367521368,33.75,-117.86,1.734
4.0647,14.0,5.279596977329975,1.057934508816121,926.0,2.3324937027707806,38.46,-122.65,1.878
3.6429,28.0,5.249180327868851,1.0098360655737706,848.0,2.780327868852459,38.69,-121.41,1.052
2.6673,25.0,3.192039800995025,1.1054726368159205,2843.0,2.828855721393035,34.13,-118.26,2.181
4.2829,30.0,4.186813186813187,1.0952380952380951,776.0,2.8424908424908426,33.89,-118.35,2.4
1.6302,32.0,3.1828703703703702,1.037037037037037,1698.0,3.9305555555555554,34.02,-118.25,1.307
5.7759,5.0,5.495833333333334,1.0854166666666667,1179.0,2.45625,33.67,-117.8,2.4
3.3438,13.0,3.922297297297298,0.9763513513513512,630.0,2.1283783783783785,33.69,-117.8,3.333
6.075,26.0,6.541984732824428,1.0305343511450382,778.0,2.969465648854962,37.3,-122.04,4.17
4.5461,42.0,5.629032258064517,1.0725806451612905,1713.0,2.7629032258064514,34.16,-118.08,2.424
2.8594,22.0,4.715214564369312,1.0715214564369309,1800.0,2.340702210663199,32.76,-117.01,1.896
1.6607,16.0,6.290322580645161,1.4129032258064516,337.0,2.174193548387097,38.99,-122.52,0.778
2.425,17.0,3.1600877192982457,1.162280701754386,769.0,1.6864035087719298,33.89,-117.87,1.717
3.6382,25.0,7.772189349112426,1.1449704142011834,1059.0,3.133136094674556,34.66,-118.23,1.382
1.9583,25.0,4.718354430379748,1.1012658227848102,1183.0,3.743670886075949,32.72,-117.11,0.8859999999999999
2.4932,35.0,3.7172312223858617,1.1030927835051547,2487.0,3.662739322533136,34.12,-118.19,1.6769999999999998
3.2465,5.0,4.744376278118611,1.0265848670756643,1245.0,2.5460122699386503,39.11,-121.62,0.972
3.6946,17.0,3.905339805825242,1.1201456310679612,1701.0,2.0643203883495147,33.89,-117.88,2.655
3.6,24.0,5.351648351648351,0.9945054945054944,1286.0,3.5329670329670333,34.07,-117.71,1.393
12.2478,10.0,8.186224489795919,0.9668367346938777,1199.0,3.058673469387754,37.85,-121.96,5.00001
5.0795,36.0,5.334630350194552,0.9727626459143968,666.0,2.591439688715953,33.81,-118.09,2.4330000000000003
5.7068,9.0,5.861561119293077,1.0839469808541973,1705.0,2.511045655375552,37.7,-121.76,2.567
2.7778,8.0,5.403641881638847,1.0485584218512898,2156.0,3.2716236722306524,34.48,-117.18,0.8690000000000001
5.1333,22.0,5.9556962025316444,1.0738396624472577,1271.0,2.681434599156118,37.97,-121.99,2.072
2.535,43.0,4.861538461538461,1.05,611.0,2.35,39.21,-121.05,1.171
4.7344,18.0,3.554655870445344,1.0323886639676114,384.0,1.554655870445344,37.94,-122.53,2.0
3.625,52.0,4.290094339622642,1.0943396226415094,1068.0,2.5188679245283017,33.84,-118.31,2.707
1.875,48.0,8.8,2.013793103448276,358.0,2.46896551724138,39.56,-120.92,0.6659999999999999
2.9808,38.0,5.670588235294117,1.1176470588235294,928.0,3.6392156862745098,36.79,-120.08,0.8959999999999999
5.2001,16.0,6.118892508143323,1.0586319218241045,1291.0,2.1026058631921822,33.75,-118.04,2.356
1.6483,39.0,4.390781563126253,0.9879759519038076,1307.0,2.619238476953908,40.18,-122.24,0.608
2.7311,32.0,3.936920222634509,1.0964749536178109,1929.0,3.5788497217068644,34.0,-118.1,1.693
3.3026,9.0,5.370542635658913,1.1612403100775197,1687.0,2.6155038759689924,32.75,-117.07,1.1909999999999998
5.9582,38.0,6.453441295546559,1.008097165991903,633.0,2.5627530364372477,34.16,-118.04,3.507
2.7917,48.0,6.447115384615384,1.1490384615384617,671.0,3.2259615384615383,36.79,-120.04,0.828
4.0625,10.0,5.916859122401847,1.0623556581986142,1478.0,3.413394919168592,38.7,-121.42,0.962
3.7414,29.0,6.631067961165049,1.0679611650485437,787.0,2.546925566343042,38.5,-121.5,0.985
2.3946,35.0,3.636963696369637,1.0165016501650166,688.0,2.2706270627062706,37.9,-122.3,1.4169999999999998
5.3737,26.0,6.211678832116787,0.9854014598540146,1337.0,3.2530413625304138,33.71,-117.97,2.529
10.9506,20.0,7.610465116279069,1.069767441860465,514.0,2.988372093023256,37.64,-121.88,4.758
3.0469,16.0,5.764227642276423,1.1165311653116532,1104.0,2.991869918699187,39.79,-122.25,0.722
4.5491,43.0,5.984848484848484,1.0454545454545454,657.0,3.3181818181818183,34.12,-118.01,2.148
12.7296,27.0,7.992603550295857,1.0650887573964498,3511.0,2.5968934911242605,34.11,-118.43,5.00001
2.3562,45.0,5.479166666666668,1.0666666666666669,666.0,2.775,36.77,-119.78,0.581
7.5552,39.0,5.811965811965813,0.9572649572649572,926.0,2.6381766381766383,33.9,-118.41,5.00001
2.1221,50.0,5.509708737864078,1.0946601941747574,1000.0,2.4271844660194173,33.97,-118.3,1.194
3.24,45.0,5.085141903171953,1.0567612687813022,1448.0,2.417362270450752,34.18,-118.34,2.269
5.5954,27.0,6.401084010840108,1.0745257452574526,2394.0,3.2439024390243905,34.44,-119.88,2.614
3.1591,2.0,4.632653061224491,0.7142857142857143,114.0,2.326530612244898,37.78,-121.93,4.347
4.9375,15.0,5.888213851761848,1.0024301336573511,2797.0,3.3985419198055893,32.94,-117.13,1.804
4.63,52.0,6.936542669584246,1.0415754923413567,1027.0,2.2472647702407,38.56,-121.45,2.338
4.9375,35.0,5.342857142857143,0.9904761904761904,261.0,2.4857142857142858,33.91,-118.13,1.838
2.532,39.0,3.734256926952141,1.022670025188917,2638.0,3.3224181360201515,34.04,-118.32,1.727
4.3513,12.0,6.184840425531916,1.0658244680851063,4074.0,2.708776595744681,33.07,-117.14,1.996
2.2083,23.0,7.781456953642384,3.0993377483443707,355.0,2.3509933774834435,34.21,-116.22,0.425
3.7679,39.0,4.517241379310344,1.1544827586206896,1137.0,1.5682758620689654,37.81,-122.43,5.00001
3.1588,30.0,4.069825436408977,1.0,1357.0,3.3840399002493764,34.29,-118.44,1.601
2.525,9.0,5.839869281045751,1.1339869281045751,806.0,2.633986928104575,38.38,-120.72,1.5719999999999998
5.0176,19.0,6.061538461538461,0.9564102564102565,1264.0,3.241025641025641,37.77,-121.48,2.742
1.9667,2.0,5.715976331360947,1.5976331360946745,233.0,1.3786982248520712,34.42,-118.56,4.5
6.6054,13.0,7.654368932038835,1.135922330097087,1542.0,2.9941747572815536,34.72,-120.04,5.00001
3.0694,6.0,5.791666666666668,1.2407407407407407,544.0,2.5185185185185186,33.46,-116.76,1.734
2.945,52.0,4.27456647398844,1.0404624277456649,652.0,1.8843930635838149,34.08,-118.38,4.314
2.5446,13.0,4.118918918918919,0.9891891891891892,994.0,2.6864864864864866,36.81,-119.69,0.938
4.385,35.0,6.356451612903227,1.0403225806451613,1668.0,2.6903225806451614,38.26,-122.73,3.177
3.524,45.0,5.213963963963964,1.0157657657657655,1006.0,2.2657657657657664,37.72,-122.13,1.862
3.0833,10.0,6.3478260869565215,1.1576086956521738,1003.0,2.7255434782608696,40.32,-122.23,0.813
4.7426,19.0,5.871428571428571,1.022857142857143,1064.0,3.04,37.93,-121.66,2.631
3.6786,11.0,6.197590361445784,1.0939759036144578,1402.0,3.3783132530120485,36.09,-119.06,0.7290000000000001
3.6682,33.0,4.609329446064139,1.0524781341107872,1553.0,2.2638483965014577,37.34,-121.97,2.661
3.7045,16.0,3.972299168975069,1.0304709141274238,804.0,2.227146814404432,37.37,-122.0,1.781
3.3536,27.0,7.061776061776063,1.4749034749034748,1278.0,2.467181467181468,38.54,-123.25,1.575
2.3937,20.0,18.79352226720648,5.2631578947368425,658.0,2.6639676113360324,35.82,-118.7,0.821
2.3224,29.0,5.186915887850467,1.1004672897196262,1170.0,2.733644859813084,39.36,-121.69,0.562
10.157,8.0,9.180451127819548,1.1077694235588973,2569.0,3.219298245614035,33.83,-117.81,4.771
3.9375,52.0,4.688693098384729,1.0102790014684289,2099.0,3.0822320117474304,37.77,-122.46,4.029
4.0357,17.0,6.472843450479234,1.0798722044728437,873.0,2.789137380191693,40.74,-124.17,1.289
15.0001,15.0,8.062043795620438,1.0036496350364963,735.0,2.6824817518248176,33.62,-117.87,5.00001
3.9688,15.0,16.55056179775281,3.0786516853932584,622.0,2.3295880149812733,34.24,-116.87,1.828
2.9886,18.0,4.377521613832853,1.063400576368876,802.0,2.3112391930835736,32.75,-116.98,1.7080000000000002
5.2099,35.0,5.80327868852459,1.009367681498829,1333.0,3.1217798594847777,33.86,-117.95,1.914
5.9449,18.0,6.459790209790209,1.0524475524475525,1779.0,3.11013986013986,33.71,-117.94,2.765
1.8829,28.0,2.1992417860151643,1.0657118786857624,5840.0,2.459983150800337,34.07,-118.3,3.0
4.2414,52.0,5.689560439560441,0.9945054945054944,825.0,2.2664835164835164,37.3,-121.89,2.8480000000000003
3.1014,37.0,4.953125,1.0755208333333333,955.0,2.4869791666666665,38.52,-121.49,0.968
3.4219,35.0,5.6157407407407405,0.9791666666666666,982.0,2.2731481481481484,40.78,-124.14,0.928
2.3333,27.0,4.766666666666667,1.1333333333333333,179.0,1.9888888888888887,37.99,-121.26,0.875
4.6758,21.0,5.451063829787233,1.0156028368794323,1850.0,2.624113475177305,37.26,-121.94,2.642
5.0417,15.0,5.26537216828479,0.9676375404530744,1772.0,2.8673139158576046,33.87,-118.11,2.408
3.3214,33.0,4.419811320754717,1.018867924528302,1216.0,5.735849056603772,34.27,-118.42,1.3130000000000002
4.125,27.0,4.831460674157303,1.0379213483146068,1827.0,2.5660112359550564,34.19,-118.43,2.455
1.7945,50.0,2.6533333333333333,0.9777777777777776,2183.0,3.234074074074073,34.08,-118.26,1.6669999999999998
3.6936,25.0,4.448735019973369,1.0505992010652463,1685.0,2.243675099866844,33.94,-118.16,2.383
2.0875,17.0,3.9014778325123154,1.0714285714285714,904.0,2.226600985221675,33.78,-118.15,1.813
3.449,15.0,5.151515151515151,1.0524475524475525,2373.0,2.765734265734266,34.03,-117.65,1.491
6.2403,13.0,6.54320987654321,1.0336700336700335,2897.0,3.251402918069585,33.63,-117.68,2.574
2.7474,43.0,4.418952618453865,1.0523690773067331,1573.0,3.9226932668329177,37.58,-122.33,2.331
4.3281,35.0,4.823655913978494,1.064516129032258,1135.0,2.4408602150537635,33.99,-118.43,3.24
6.1359,14.0,22.823529411764717,6.352941176470589,35.0,2.0588235294117645,40.12,-121.78,1.063
4.9955,33.0,6.061784897025173,1.0274599542334095,1303.0,2.9816933638443937,34.27,-118.48,2.168
3.343,22.0,4.285714285714286,1.2161172161172158,1382.0,2.5311355311355306,33.89,-117.87,1.846
2.2574,23.0,6.018229166666668,1.2682291666666667,1019.0,2.653645833333333,36.63,-118.18,1.047
6.2089,26.0,7.298305084745762,1.0101694915254238,2487.0,2.810169491525424,34.12,-117.73,2.6180000000000003
3.0742,24.0,5.049468085106383,1.0292553191489362,5162.0,2.745744680851064,38.06,-122.51,1.188
1.2176,29.0,3.8992366412213735,1.076335877862595,2669.0,4.074809160305343,36.77,-119.77,0.619
2.6667,20.0,5.594936708860758,1.2953586497890297,563.0,2.3755274261603376,38.39,-120.56,0.866
11.3176,28.0,8.082289803220036,1.033989266547406,1489.0,2.663685152057245,37.38,-122.21,5.00001
3.0759,52.0,4.898907103825136,0.9562841530054644,1303.0,3.560109289617486,34.01,-118.31,1.237
6.2306,22.0,5.749478079331943,0.9958246346555324,1163.0,2.4279749478079333,37.59,-122.4,5.00001
3.7794,17.0,6.021660649819496,1.108303249097473,888.0,3.2057761732851984,35.87,-118.96,0.962
2.555,36.0,5.598746081504703,1.0595611285266455,974.0,3.053291536050157,38.67,-121.37,0.727
2.3846,22.0,5.1528662420382165,1.1464968152866242,334.0,2.127388535031847,33.48,-117.66,5.00001
4.8419,15.0,6.112259970457902,0.9394387001477104,2001.0,2.955686853766617,32.83,-117.09,2.64
2.2885,38.0,5.433155080213903,1.0802139037433156,540.0,2.8877005347593583,36.41,-119.69,0.75
2.4306,39.0,4.899209486166008,1.0691699604743083,1990.0,3.932806324110672,37.34,-121.87,2.891
2.4848,35.0,4.760416666666667,1.0354166666666669,1738.0,3.620833333333333,35.36,-118.96,0.54
5.0465,34.0,6.395348837209302,1.0099667774086378,1619.0,2.68936877076412,32.82,-117.19,2.082
5.2769,18.0,6.135549872122763,0.9948849104859336,1131.0,2.892583120204604,38.36,-122.81,2.939
3.3816,52.0,4.486988847583644,1.1226765799256506,1008.0,3.7472118959107807,37.75,-122.42,2.625
2.2125,34.0,3.757869249394673,1.0750605326876512,2093.0,5.067796610169491,33.9,-118.2,1.032
3.5848,47.0,5.502923976608187,1.0555555555555556,797.0,2.3304093567251463,37.94,-122.33,1.408
4.0764,41.0,5.530909090909091,1.1927272727272726,527.0,1.9163636363636365,33.61,-117.9,5.00001
3.6635,36.0,5.580459770114943,1.0201149425287357,891.0,2.5603448275862077,33.95,-118.14,2.821
1.75,27.0,4.90625,1.375,315.0,3.28125,33.81,-118.18,1.5419999999999998
4.57,18.0,6.789634146341463,1.298780487804878,1754.0,2.673780487804878,32.9,-116.52,1.899
4.4671,47.0,5.3825665859564165,0.9927360774818402,1163.0,2.8159806295399514,33.74,-118.3,2.708
2.9375,30.0,4.463327370304113,1.0483005366726297,1139.0,2.037567084078712,34.14,-117.87,2.092
3.3214,52.0,4.825,1.11875,409.0,2.55625,37.77,-122.23,1.896
2.6591,24.0,5.2442996742671015,1.0,748.0,2.436482084690554,40.57,-122.34,0.828
1.9274,49.0,5.068783068783069,1.1825396825396826,863.0,2.2830687830687832,37.84,-122.28,1.223
3.3625,47.0,4.632022471910113,0.9213483146067416,1183.0,3.3230337078651684,37.71,-122.4,2.237
9.2858,6.0,8.095533498759307,1.0248138957816375,3146.0,3.903225806451613,32.9,-117.04,4.361000000000001
3.4861,17.0,17.3,6.5,51.0,2.55,37.94,-119.57,1.375
3.3269,52.0,4.61003861003861,1.079150579150579,1121.0,2.164092664092664,37.77,-122.27,2.345
3.3333,42.0,4.689768976897691,1.0891089108910892,659.0,2.174917491749176,37.35,-121.95,2.379
1.675,34.0,3.28099173553719,1.0909090909090908,250.0,2.066115702479338,33.99,-118.34,1.6669999999999998
4.8482,43.0,3.954692556634304,0.9805825242718448,565.0,1.8284789644012944,33.74,-118.11,5.00001
4.7241,46.0,5.375757575757576,0.9545454545454546,753.0,2.2818181818181817,34.17,-118.1,2.7960000000000003
2.6959,21.0,3.757617728531856,1.0124653739612188,1952.0,2.7036011080332405,33.78,-117.86,1.788
3.2314,31.0,4.622222222222222,1.0716049382716049,1511.0,3.730864197530864,34.17,-119.19,1.868
4.2654,8.0,5.9365825014679965,1.0340575455079273,5804.0,3.4081033470346447,33.93,-117.25,1.376
2.8393,15.0,5.4274028629856845,1.0838445807770962,1267.0,2.591002044989775,37.31,-119.64,1.044
4.4871,2.0,6.690700104493208,1.1661442006269591,3327.0,3.476489028213166,38.01,-121.29,1.379
5.2987,18.0,6.159325210871602,1.035613870665417,3473.0,3.254920337394564,34.32,-118.41,2.0340000000000003
3.6875,11.0,5.486486486486488,1.0994208494208495,3095.0,2.987451737451737,34.08,-117.38,1.126
4.2415,16.0,6.069986541049798,1.015477792732167,3575.0,2.4057873485868098,34.12,-117.76,2.757
5.1365,14.0,6.7549194991055455,1.037567084078712,1877.0,3.3577817531305905,33.82,-117.52,2.15
2.6048,17.0,6.130620985010706,1.4239828693790149,715.0,1.5310492505353317,33.02,-117.07,1.482
3.6895,29.0,5.475,0.990909090909091,1142.0,2.595454545454545,36.32,-119.32,0.877
5.5456,18.0,36.07547169811321,5.273584905660377,241.0,2.2735849056603774,39.19,-120.1,3.6
3.2027,11.0,5.276073619631903,1.0582822085889572,850.0,2.607361963190184,38.86,-120.92,1.286
5.5507,17.0,6.539024390243903,1.1073170731707318,830.0,2.024390243902439,33.47,-117.71,3.457
2.125,52.0,3.5919117647058822,1.0625,412.0,1.5147058823529411,34.43,-119.7,3.0
13.0502,6.0,9.413793103448276,1.0804597701149423,572.0,3.2873563218390807,33.48,-117.65,5.00001
2.3056,31.0,3.3203592814371263,1.059880239520958,1119.0,3.3502994011976046,34.18,-118.36,2.0
6.3047,23.0,6.591677503250974,1.0013003901170352,2473.0,3.2158647594278285,33.7,-118.02,2.857
5.4322,35.0,6.903465346534652,1.1014851485148516,1156.0,2.8613861386138613,37.51,-122.3,3.91
5.7778,41.0,5.274398868458275,1.0466760961810466,1364.0,1.9292786421499293,34.1,-118.27,4.127
2.4730000000000003,44.0,5.298630136986302,1.0273972602739727,750.0,2.054794520547945,34.17,-118.33,2.518
6.2064,29.0,5.780238500851788,0.9778534923339012,1471.0,2.5059625212947187,34.17,-118.58,3.349
3.7049,23.0,5.239644970414201,1.0532544378698223,1105.0,3.2692307692307687,36.84,-121.41,1.922
9.1373,52.0,7.443478260869565,1.0,1102.0,3.1942028985507247,34.11,-118.13,5.00001
7.3343,37.0,7.0975,0.975,1006.0,2.515,38.58,-121.37,2.804
7.3982,14.0,7.194915254237287,1.0105932203389831,1542.0,3.266949152542373,33.68,-117.98,3.691
5.6038,34.0,6.626488095238094,1.0148809523809523,1805.0,2.6860119047619047,37.48,-122.26,4.513
2.5313,42.0,3.9134615384615374,1.0384615384615383,773.0,3.7163461538461537,34.02,-118.16,1.569
2.6458,26.0,5.416666666666668,1.101851851851852,830.0,3.842592592592593,37.82,-121.27,1.275
3.2955,19.0,5.479490806223478,0.9561527581329562,2441.0,3.4526166902404527,37.35,-120.6,0.8859999999999999
3.6083,16.0,5.720486111111112,0.9809027777777778,2279.0,3.9565972222222223,38.04,-121.34,1.464
3.2765,18.0,6.326271186440677,1.2648305084745763,1355.0,2.8707627118644066,34.45,-117.79,1.65
4.392,34.0,6.102409638554218,1.039156626506024,1142.0,3.4397590361445785,34.12,-117.84,1.876
5.4903,23.0,6.013921113689094,0.9605568445475638,1401.0,3.250580046403712,32.85,-117.01,1.514
5.3509,52.0,5.65067178502879,1.0287907869481765,1034.0,1.9846449136276392,37.81,-122.22,3.0210000000000004
3.375,22.0,4.639405204460966,1.0074349442379182,579.0,2.152416356877324,37.82,-121.99,2.0
6.1253,25.0,6.66205533596838,0.9920948616600792,1717.0,3.393280632411068,34.27,-118.75,2.25
4.2381,43.0,4.8053097345132745,0.9690265486725664,715.0,3.163716814159292,37.35,-121.88,1.935
8.2436,44.0,6.465317919075145,1.0028901734104043,948.0,2.739884393063584,37.44,-122.18,5.00001
4.0227,19.0,5.950184501845017,1.011070110701107,1760.0,3.2472324723247232,36.77,-119.58,1.265
3.099,30.0,5.688559322033898,1.125,2778.0,2.942796610169492,34.83,-117.15,0.6679999999999999
2.162,36.0,4.561611374407583,1.0497630331753554,1405.0,3.329383886255924,36.06,-119.03,0.519
3.0398,36.0,3.597609561752988,1.0597609561752988,1068.0,4.254980079681275,33.98,-118.18,1.654
4.0667,35.0,5.10913140311804,0.9153674832962138,1054.0,2.3474387527839644,37.33,-121.96,2.769
1.4712,44.0,5.867924528301888,1.2226415094339622,931.0,3.513207547169811,34.02,-118.31,1.058
6.3231,45.0,4.4343220338983045,1.0529661016949152,842.0,1.7838983050847457,33.87,-118.4,5.00001
4.1136,30.0,4.145009416195857,1.0527306967984935,1194.0,2.2485875706214693,34.12,-118.07,2.799
1.3167,49.0,4.9692307692307685,1.1743589743589744,599.0,3.0717948717948724,37.94,-122.37,0.716
3.8409,38.0,5.440329218106996,1.0534979423868314,1640.0,2.2496570644718794,32.73,-117.22,2.914
2.6023,22.0,4.741333333333333,1.088,875.0,2.333333333333333,38.61,-121.34,1.422
5.2078,30.0,6.3323170731707314,1.0426829268292683,816.0,2.4878048780487805,37.0,-122.03,4.405
2.6014,15.0,4.099201824401368,1.0992018244013684,1839.0,2.096921322690992,34.14,-117.97,1.503
2.3281,33.0,3.63129973474801,1.0822281167108754,1475.0,3.9124668435013263,34.08,-118.18,1.519
4.2312,16.0,5.771754636233951,1.042796005706134,1684.0,2.4022824536376604,32.82,-117.05,1.97
3.5625,52.0,5.348082595870205,1.0412979351032448,828.0,2.4424778761061945,37.87,-122.28,1.917
7.7517,11.0,8.506024096385541,1.1144578313253013,529.0,3.186746987951808,33.01,-116.99,5.00001
5.3311,34.0,5.882911392405063,1.0696202531645569,2510.0,3.971518987341772,37.68,-122.49,2.708
5.9397,26.0,6.957142857142857,0.9885714285714284,1088.0,3.1085714285714285,33.82,-117.87,2.494
2.8922,16.0,4.068610634648372,1.0085763293310464,1400.0,2.4013722126929675,38.6,-121.7,1.536
7.4574,52.0,7.434163701067615,1.0996441281138791,883.0,3.1423487544483986,34.06,-118.34,5.00001
5.1878,10.0,6.7990430622009566,0.9760765550239234,657.0,3.1435406698564594,38.04,-121.33,1.539
2.2321,36.0,5.865671641791044,1.4477611940298507,573.0,4.276119402985074,35.52,-119.28,0.375
4.3839,26.0,4.718518518518519,1.1981481481481482,1098.0,2.033333333333333,34.16,-118.46,2.991
4.7422,23.0,5.406844106463878,0.988593155893536,1092.0,4.152091254752852,33.71,-117.89,2.024
3.3472,31.0,5.607142857142856,1.0892857142857142,152.0,2.7142857142857144,33.04,-115.6,0.917
6.0298,23.0,6.874251497005988,1.065868263473054,902.0,2.7005988023952097,38.48,-122.72,2.891
2.4688,25.0,4.838815789473684,0.986842105263158,721.0,2.3717105263157894,38.0,-121.24,1.268
2.1726,23.0,4.287179487179487,0.9871794871794872,1060.0,2.717948717948718,41.02,-124.16,0.755
4.9107,34.0,5.585365853658537,0.9878048780487804,552.0,3.365853658536585,33.91,-118.13,2.22
3.4583,34.0,5.50187265917603,1.0,1031.0,3.861423220973783,32.69,-117.09,1.127
7.5274,37.0,7.0685358255451725,1.0124610591900312,930.0,2.8971962616822435,37.36,-122.09,5.00001
7.3841,40.0,6.6984126984127,1.0,158.0,2.5079365079365084,37.65,-120.98,1.722
1.7462,29.0,4.681159420289855,0.9758454106280192,1487.0,3.5917874396135265,36.2,-119.35,0.511
5.4498,5.0,7.749051833122629,1.038558786346397,4819.0,3.0461441213653604,38.82,-121.24,2.173
4.6563,45.0,5.986784140969162,0.9933920704845814,1106.0,2.436123348017621,37.79,-122.19,2.318
6.4865,35.0,6.842105263157895,1.0921052631578947,185.0,2.4342105263157894,37.57,-122.39,4.5
1.6645,20.0,5.671814671814673,1.16988416988417,1031.0,3.980694980694981,36.35,-119.42,0.48
4.0536,46.0,5.889830508474576,0.9774011299435028,748.0,2.1129943502824857,37.91,-122.29,2.62
5.4236,35.0,5.468671679197995,0.9774436090225564,1248.0,3.1278195488721803,33.91,-118.02,2.167
3.3182,46.0,5.3875,1.075,239.0,2.9875,37.77,-120.69,2.821
5.0774,34.0,5.5807926829268295,1.054878048780488,1608.0,2.451219512195122,37.54,-122.32,4.072
2.5733,23.0,5.535714285714287,1.112781954887218,1419.0,2.667293233082707,36.32,-119.31,0.888
4.4038,45.0,4.571847507331379,0.8944281524926686,891.0,2.6129032258064515,33.98,-118.36,2.594
2.3075,27.0,5.244744744744745,1.364864864864865,1481.0,2.223723723723724,35.38,-120.85,1.842
5.3185,52.0,6.210023866348449,0.9976133651551312,1137.0,2.713603818615752,34.18,-118.28,3.58
5.1645,11.0,5.358267716535433,1.0905511811023625,1565.0,3.0807086614173227,33.64,-117.67,1.641
1.6168,14.0,4.413314840499307,1.0124826629681,2298.0,3.1872399445214983,36.74,-120.04,0.718
1.023,20.0,4.194762684124386,1.0769230769230769,1363.0,2.230769230769231,39.92,-122.19,0.542
4.3047,27.0,4.295345104333868,1.0465489566613162,2661.0,4.271268057784912,34.3,-118.45,1.521
2.3103,47.0,4.529569892473118,1.0887096774193548,835.0,2.2446236559139785,38.04,-122.27,1.345
6.0088,36.0,5.3752808988764045,0.997752808988764,1346.0,3.0247191011235954,33.89,-118.34,2.459
4.0737,36.0,4.522857142857143,1.1742857142857144,1097.0,3.1342857142857143,33.88,-118.35,2.382
7.978,5.0,7.995495495495494,1.054054054054054,726.0,3.27027027027027,34.04,-117.24,2.239
5.0871,36.0,5.081967213114754,1.0027322404371584,794.0,2.169398907103825,37.39,-122.1,3.545
3.5583,40.0,5.630363036303629,1.062706270627063,796.0,2.627062706270627,32.63,-117.07,1.5490000000000002
2.4722,16.0,4.722298221614227,1.0820793433652531,1567.0,2.143638850889193,38.47,-122.67,1.943
8.0113,18.0,7.233333333333332,0.9814814814814816,658.0,2.437037037037037,38.29,-122.18,3.93
3.275,17.0,5.4613686534216335,1.0596026490066226,1649.0,3.640176600441501,37.93,-121.05,1.565
3.1369,14.0,4.974666666666667,1.0293333333333334,1679.0,2.2386666666666666,38.0,-121.33,1.196
2.0817,41.0,2.2724137931034485,1.0034482758620689,1224.0,4.220689655172413,34.04,-118.29,1.325
3.2375,17.0,8.006269592476489,1.6927899686520376,723.0,2.266457680250784,38.97,-122.7,1.142
3.4741,17.0,5.481149012567324,1.0682226211849193,1434.0,2.574506283662477,38.41,-122.07,2.458
4.1071,52.0,4.681603773584905,0.945754716981132,1337.0,3.1533018867924527,37.73,-122.43,2.4090000000000003
3.4286,44.0,4.136085626911314,0.992354740061162,1676.0,2.5626911314984704,34.16,-118.33,2.479
5.0126,16.0,5.9144385026737964,1.0427807486631016,505.0,2.7005347593582893,39.0,-121.1,1.923
2.1908,46.0,5.523985239852399,1.1402214022140222,787.0,2.904059040590406,34.83,-114.6,0.481
1.95,28.0,3.658105939004816,1.0770465489566614,1166.0,1.8715890850722312,32.75,-117.13,1.5
2.3973,10.0,4.71822033898305,1.1864406779661016,1140.0,2.415254237288136,37.69,-122.12,1.673
1.9676,33.0,5.175895765472314,0.9576547231270358,1102.0,3.58957654723127,36.6,-119.63,0.624
1.8973,20.0,4.078544061302682,1.0076628352490422,1845.0,3.534482758620689,36.97,-120.04,0.516
6.7644,19.0,6.825454545454545,1.069090909090909,1692.0,3.076363636363636,37.0,-121.68,4.126
5.6826,44.0,4.748387096774193,0.8870967741935484,820.0,2.6451612903225805,37.74,-122.49,3.0
1.9231,44.0,3.959550561797753,1.0404494382022471,786.0,1.7662921348314606,34.01,-118.33,1.885
3.5465,35.0,4.482861400894189,1.0044709388971684,1584.0,2.360655737704918,33.84,-118.13,2.132
3.7976,17.0,4.703571428571427,1.1446428571428569,1454.0,2.5964285714285715,33.67,-117.83,2.75
3.0114,16.0,7.847457627118644,1.6016949152542372,238.0,2.016949152542373,33.68,-116.25,3.667
3.5694,40.0,4.391156462585034,1.030612244897959,1304.0,2.217687074829932,33.73,-118.3,2.764
2.5164,30.0,4.456,1.2506666666666666,760.0,2.026666666666667,36.6,-121.88,1.781
1.7361,42.0,3.0,1.0,26.0,1.8571428571428568,37.39,-121.9,5.00001
6.2223,52.0,5.959558823529411,1.0441176470588236,588.0,2.161764705882353,34.07,-118.34,5.00001
3.0417,44.0,4.333333333333333,1.104417670682731,1249.0,5.016064257028113,34.04,-118.18,1.4169999999999998
3.8571,52.0,5.044943820224719,1.0192616372391654,1350.0,2.1669341894061,37.77,-122.47,3.667
2.7083,16.0,5.1187845303867405,1.0773480662983426,1013.0,2.7983425414364635,37.79,-121.27,1.739
3.7,29.0,5.883076923076923,1.033846153846154,859.0,2.643076923076923,40.19,-122.24,0.705
3.5649,23.0,3.6951501154734414,1.0473441108545034,2029.0,2.3429561200923787,37.38,-122.05,4.5
3.8523,25.0,5.5,1.1807909604519775,900.0,2.542372881355932,37.66,-121.78,1.93
2.4123,24.0,4.686006825938566,0.9840728100113766,1294.0,1.472127417519909,35.35,-119.07,0.862
5.4786,18.0,6.488921713441656,0.9483013293943872,2095.0,3.094534711964549,33.11,-117.05,2.235
4.3897,36.0,6.02295081967213,1.0459016393442624,810.0,2.6557377049180326,33.8,-118.11,2.35
3.2237,31.0,4.657927590511861,1.0649188514357053,2313.0,2.8876404494382024,33.92,-118.14,2.182
2.6364,47.0,5.121457489878543,1.02834008097166,587.0,2.376518218623482,38.01,-121.82,0.935
3.5329,31.0,4.5,1.0308370044052864,1524.0,3.356828193832599,33.84,-117.9,1.874
4.9559,43.0,6.6923076923076925,1.0967032967032968,1115.0,2.4505494505494507,37.8,-122.2,2.73
4.5694,31.0,6.104925053533192,0.9807280513918628,1286.0,2.753747323340471,33.16,-117.34,2.437
1.1806,40.0,4.917391304347826,1.2217391304347829,859.0,3.734782608695652,34.0,-118.3,1.346
4.1806,28.0,6.317738791423002,1.0389863547758285,1334.0,2.6003898635477585,32.83,-117.21,1.996
2.6768,52.0,4.335078534031414,1.099476439790576,718.0,1.8795811518324608,37.83,-122.26,1.823
3.5083,52.0,4.047835990888383,1.0341685649202734,671.0,1.5284738041002277,34.08,-118.33,5.00001
2.1722,12.0,4.907335907335908,1.0965250965250966,2823.0,1.8166023166023169,33.76,-116.99,0.6940000000000001
6.4419,19.0,5.945098039215687,1.0352941176470591,6810.0,3.3382352941176467,37.42,-121.87,2.645
4.8661,24.0,6.358455882352941,1.0533088235294117,1336.0,2.4558823529411766,38.64,-121.28,1.862
5.1795,37.0,5.406360424028269,1.0247349823321554,711.0,2.5123674911660783,33.82,-118.13,2.254
2.9167,35.0,4.054644808743169,1.0965391621129326,2230.0,4.061930783242259,34.08,-118.18,1.293
1.1553,12.0,4.238888888888889,1.1314814814814815,919.0,1.701851851851852,38.54,-122.81,1.393
5.5446,28.0,6.092057761732852,1.0090252707581226,1754.0,3.166064981949458,33.78,-118.02,2.289
3.3036,26.0,5.453038674033151,1.0055248618784531,1002.0,2.7679558011049723,38.36,-121.82,2.1
4.8717,27.0,7.032454361054767,1.105476673427992,1798.0,3.647058823529412,34.26,-118.74,2.041
3.5987,31.0,4.2272,1.0896,1303.0,2.0848,34.03,-118.47,3.405
5.0524,17.0,6.879003558718861,1.0925266903914592,2630.0,3.1198102016607354,32.87,-116.86,2.854
3.5192,36.0,5.8596938775510194,1.0663265306122451,1070.0,2.7295918367346936,32.75,-117.04,1.44
1.8021,17.0,4.940104166666667,1.1276041666666667,1207.0,3.1432291666666665,36.82,-119.69,0.5589999999999999
5.4688,38.0,6.262135922330098,1.2038834951456308,265.0,2.5728155339805827,37.47,-122.25,3.05
2.8818,50.0,5.202614379084968,1.0762527233115469,1241.0,2.703703703703704,34.1,-117.77,1.672
3.8594,10.0,5.47457627118644,1.0527306967984935,1681.0,3.1657250470809792,34.53,-117.96,1.41
2.8967,47.0,4.670329670329671,1.0073260073260073,844.0,3.091575091575092,37.94,-122.35,0.956
3.4044,48.0,5.093085106382978,0.9255319148936172,1060.0,2.8191489361702127,33.97,-117.39,1.179
2.455,42.0,5.223076923076923,1.1205128205128203,2736.0,3.507692307692308,37.73,-122.18,0.8240000000000001
2.9375,17.0,5.021396396396397,1.063063063063063,1812.0,2.0405405405405403,38.16,-122.25,1.067
4.5,35.0,5.450757575757576,1.068181818181818,1633.0,3.0928030303030303,37.71,-122.43,2.669
5.5845,26.0,5.495356037151702,0.913312693498452,1004.0,3.108359133126935,34.22,-118.86,2.517
3.8018,18.0,3.801724137931034,1.1396551724137929,874.0,1.5068965517241382,32.8,-117.24,1.125
4.1951,32.0,5.1699779249448135,1.2582781456953642,1445.0,3.1898454746136866,33.77,-117.89,1.95
4.3125,34.0,5.535433070866142,1.0,369.0,2.905511811023622,34.19,-118.61,2.101
1.3807,27.0,4.083333333333333,1.065217391304348,839.0,3.039855072463768,36.05,-119.01,0.531
2.6513,42.0,5.67420814479638,1.092760180995475,1035.0,2.341628959276018,35.37,-119.03,0.723
3.7321,36.0,5.235807860262009,1.0131004366812226,551.0,2.4061135371179043,38.01,-122.64,2.667
3.3966,42.0,4.940809968847352,1.0031152647975077,1829.0,2.8489096573208723,34.08,-118.11,2.432
7.6717,26.0,8.128514056224901,1.0301204819277108,1486.0,2.983935742971888,37.81,-122.12,4.165
5.587000000000001,36.0,5.913946587537093,1.0504451038575668,884.0,2.623145400593472,33.79,-118.11,2.449
3.0208,44.0,6.2230215827338125,1.233812949640288,782.0,2.8129496402877696,35.34,-119.01,0.637
1.7656,26.0,4.149367088607595,0.8911392405063291,1222.0,3.093670886075949,35.23,-118.85,0.68
5.3683,34.0,5.81786941580756,0.9656357388316152,846.0,2.9072164948453607,37.56,-122.29,3.394
2.3,52.0,3.5942028985507246,1.2463768115942029,173.0,2.5072463768115942,38.1,-122.25,1.094
4.3036,52.0,5.763333333333334,1.0633333333333332,890.0,2.966666666666667,37.72,-122.45,2.6180000000000003
2.4196,46.0,3.881904761904762,1.0171428571428571,1250.0,2.380952380952381,34.08,-118.32,3.5810000000000004
2.5938,45.0,5.5555555555555545,0.984126984126984,187.0,2.9682539682539684,37.55,-120.85,2.75
2.7587,15.0,4.8951890034364265,1.147766323024055,1546.0,2.656357388316151,36.97,-121.97,2.286
1.7411,52.0,5.435540069686412,1.2299651567944252,670.0,2.334494773519164,38.11,-122.26,0.984
2.4911,35.0,4.506702412868632,0.96514745308311,1648.0,4.418230563002682,34.07,-117.99,1.459
7.9248,21.0,7.246951219512195,0.9817073170731708,1007.0,3.0701219512195124,34.48,-119.78,5.00001
5.2131,5.0,4.898805340829234,1.0182712579058328,3521.0,2.4743499648629657,33.87,-117.83,2.439
3.3889,32.0,4.338730569948186,1.153497409326425,2725.0,1.7648963730569949,33.97,-118.37,2.857
4.0313,13.0,5.079119086460032,1.0742251223491028,3739.0,3.0497553017944536,34.21,-118.58,2.9930000000000003
2.6862,19.0,3.9668141592920354,0.9889380530973452,1222.0,2.7035398230088497,33.93,-118.13,1.958
4.6452,27.0,5.048598130841121,1.031152647975078,5023.0,3.129595015576324,37.65,-122.47,2.362
5.1755,14.0,6.386469673405911,1.0606531881804044,3283.0,2.5528771384136864,37.77,-121.99,2.948
4.0083,37.0,4.989655172413793,1.0655172413793104,1279.0,4.410344827586207,34.13,-117.98,1.429
2.5,29.0,6.333333333333332,1.1056910569105691,364.0,2.959349593495935,41.12,-120.96,0.5920000000000001
3.0,35.0,3.9861751152073728,1.04147465437788,602.0,2.7741935483870965,37.63,-122.41,2.291
2.75,52.0,5.615141955835962,1.1766561514195584,824.0,2.5993690851735014,38.1,-122.25,1.099
2.5469,35.0,4.637271214642262,0.9767054908485856,1431.0,2.3810316139767056,39.12,-121.62,0.659
1.7184,11.0,4.006172839506172,1.0041152263374489,2104.0,4.329218106995885,36.78,-120.39,0.552
3.675,22.0,5.098712446351931,1.044349070100143,1539.0,2.2017167381974247,38.0,-121.35,1.524
4.3403,38.0,5.0680000000000005,1.36,442.0,1.768,32.77,-117.28,5.0
3.3571,52.0,7.034883720930233,0.9767441860465116,411.0,2.38953488372093,37.77,-122.26,4.053999999999999
6.0247,41.0,6.302816901408451,1.2711267605633805,540.0,1.9014084507042253,33.61,-117.89,5.00001
7.4947,4.0,7.311042590094432,1.054345731354789,16122.0,3.1069570244748506,33.89,-117.74,3.663
3.692,34.0,5.033088235294118,0.9926470588235294,1005.0,3.694852941176471,33.99,-118.09,1.726
2.6399,34.0,4.809009009009009,1.1657657657657658,1341.0,2.4162162162162164,37.91,-122.32,1.196
1.6948,30.0,5.370801033591732,1.0775193798449612,1885.0,2.4354005167958657,39.75,-122.18,0.675
2.8036,15.0,5.9502824858757055,1.1649717514124294,2147.0,2.425988700564972,41.38,-122.28,1.101
2.6903,34.0,5.729216152019003,1.0593824228028503,1558.0,3.7007125890736337,35.37,-118.93,0.628
6.7685,21.0,8.452914798206278,1.1008968609865473,1410.0,3.161434977578476,32.79,-116.9,2.947
4.1083,41.0,4.244565217391305,1.0244565217391304,874.0,2.375,34.0,-118.44,3.2430000000000003
4.0313,35.0,4.746268656716418,1.044776119402985,1299.0,3.8776119402985074,33.91,-118.15,1.632
4.0326,34.0,5.22258064516129,0.9451612903225808,1148.0,3.703225806451613,37.63,-122.08,1.6469999999999998
4.7941,16.0,6.543123543123543,1.06993006993007,1201.0,2.7995337995337994,38.75,-121.18,2.476
2.9052,52.0,3.654520917678812,1.02834008097166,1460.0,1.9703103913630229,37.75,-122.42,4.0
2.7079,21.0,4.857425742574256,1.0257425742574258,1326.0,2.625742574257426,38.61,-121.33,1.48
2.303,27.0,4.284023668639053,1.1952662721893492,978.0,2.893491124260356,34.43,-119.73,2.61
2.9559,36.0,4.65242718446602,1.0407766990291265,1225.0,2.3786407766990294,38.61,-121.39,1.366
6.2734,14.0,6.549701046337818,1.0280269058295963,8380.0,3.131539611360239,33.99,-117.83,2.67
2.5511,25.0,4.327464788732393,1.0941901408450705,2140.0,1.8838028169014085,38.61,-121.35,1.341
3.8214,46.0,5.155979202772963,1.1143847487001732,1479.0,2.5632582322357016,37.61,-122.41,2.736
3.6094,42.0,4.900990099009901,0.9570957095709572,971.0,3.2046204620462047,37.95,-122.35,1.146
2.925,26.0,4.302752293577981,1.0435779816513762,1499.0,3.4380733944954134,33.76,-118.0,1.76
4.4769,16.0,5.8655462184873945,1.0028011204481793,1092.0,3.0588235294117645,38.87,-121.27,1.914
2.7857,8.0,5.680733944954128,1.255045871559633,1454.0,2.6678899082568805,36.78,-119.85,0.797
3.2734,32.0,4.239583333333333,1.08125,2282.0,4.754166666666666,33.92,-118.18,1.364
5.246,11.0,7.290148448043184,1.0074224021592442,5221.0,3.5229419703103915,34.14,-117.38,1.614
5.9224,24.0,6.349397590361447,1.0068846815834769,1898.0,3.2667814113597244,34.18,-118.94,2.394
4.4722,18.0,5.511560693641618,1.0419075144508672,1881.0,2.7182080924855487,34.11,-117.79,2.156
7.5791,18.0,6.783904619970193,1.052160953800298,1918.0,2.8584202682563338,33.59,-117.66,2.881
2.625,16.0,5.573248407643311,1.2802547770700636,300.0,1.9108280254777068,36.96,-121.99,3.773
2.1182,34.0,4.409638554216867,1.03855421686747,1304.0,3.142168674698796,37.34,-120.6,0.6890000000000001
5.9164,23.0,6.605194805194805,1.0077922077922077,1297.0,3.3688311688311687,37.24,-121.83,2.374
2.9063,9.0,4.409090909090909,0.9090909090909092,91.0,4.136363636363637,37.08,-120.79,0.55
3.0989,21.0,4.013341419041844,1.0751970891449365,4396.0,2.6658580958156457,33.87,-118.14,1.714
7.1576,52.0,10.344827586206897,1.2137931034482758,384.0,2.648275862068965,34.08,-118.45,5.00001
1.6591,52.0,2.5,0.8181818181818182,65.0,2.9545454545454546,32.73,-117.17,1.125
2.8583,19.0,4.100358422939068,0.9605734767025088,365.0,1.3082437275985663,33.62,-117.72,1.058
2.3526,48.0,3.807073954983923,1.0546623794212218,953.0,3.064308681672025,34.04,-118.32,1.5630000000000002
3.8333,48.0,5.234200743494424,1.0966542750929371,891.0,3.312267657992565,37.76,-122.5,2.963
7.001,26.0,7.885245901639344,1.0040983606557377,775.0,3.1762295081967213,34.2,-118.87,2.8680000000000003
1.1563,38.0,4.843902439024389,1.2,760.0,3.707317073170731,32.71,-117.13,0.8270000000000001
6.0961,16.0,6.967213114754099,1.026639344262295,1575.0,3.2274590163934427,33.69,-117.78,2.955
4.8646,29.0,5.150485436893204,0.9805825242718448,759.0,3.684466019417476,32.58,-117.1,1.368
2.8348,8.0,3.7813370473537606,1.0445682451253482,2580.0,3.5933147632311977,36.91,-121.77,1.62
1.625,4.0,3.0,0.5,8.0,1.3333333333333333,35.22,-117.76,2.75
4.1518,43.0,6.105263157894738,1.0813397129186604,545.0,2.6076555023923444,34.16,-118.16,2.307
3.125,9.0,5.55409219190969,1.0959548447789276,3489.0,3.2822201317027284,34.54,-117.32,0.928
2.29,23.0,5.683381088825215,1.0974212034383954,1518.0,2.1747851002865333,34.04,-117.05,1.118
2.7045,36.0,4.949367088607595,0.9367088607594936,171.0,2.1645569620253164,38.01,-121.32,1.028
12.8665,37.0,7.4575645756457565,1.0129151291512914,1318.0,2.4317343173431736,34.07,-118.48,5.00001
5.4225,17.0,5.401215805471125,0.9969604863221884,1235.0,3.753799392097264,37.39,-121.86,2.5810000000000004
5.01,19.0,6.136792452830187,1.035377358490566,1156.0,2.7264150943396226,33.69,-117.93,2.638
4.3269,40.0,5.534090909090909,1.0833333333333333,1322.0,5.007575757575758,33.8,-117.85,1.941
3.5333,36.0,5.185483870967742,0.9758064516129032,788.0,3.177419354838709,34.21,-118.56,1.968
3.5833,45.0,4.408333333333333,0.9333333333333332,448.0,3.733333333333333,33.93,-118.28,0.906
3.4955,15.0,3.709447415329768,0.9465240641711228,1617.0,2.8823529411764706,33.77,-117.99,1.609
6.8634,24.0,7.183884297520661,0.9545454545454546,1593.0,3.291322314049587,33.72,-117.82,2.765
2.9044,52.0,4.404282115869019,1.0478589420654911,1493.0,1.880352644836272,37.86,-122.26,2.574
3.2125,46.0,5.008746355685132,1.0029154518950438,756.0,2.204081632653061,34.17,-118.34,2.47
4.7946,18.0,7.049056603773584,1.1886792452830188,747.0,2.818867924528302,34.69,-120.37,2.906
2.1908,32.0,5.811594202898552,1.0579710144927537,868.0,3.1449275362318843,36.57,-119.67,1.1
5.2384,35.0,5.543269230769232,0.9230769230769232,884.0,4.25,33.81,-117.96,1.774
2.8835,17.0,4.447674418604652,1.1744186046511629,883.0,2.5668604651162794,33.81,-118.0,1.965
2.5625,18.0,3.473529411764706,1.0382352941176471,781.0,2.297058823529412,33.81,-117.91,1.531
4.2841,30.0,5.903394255874674,1.156657963446475,929.0,2.425587467362924,37.68,-122.15,2.134
4.0985,32.0,5.744394618834081,1.1008968609865473,1222.0,2.739910313901345,33.94,-117.98,2.262
1.3333,30.0,8.571428571428571,2.1587301587301586,122.0,1.9365079365079363,34.22,-115.52,0.425
4.0806,19.0,5.9423076923076925,1.0615384615384615,1621.0,3.1173076923076923,32.9,-116.9,1.892
2.5224,39.0,4.1109709962168965,1.0353089533417403,3130.0,3.9470365699873895,36.67,-121.61,1.192
4.0536,13.0,5.54601226993865,1.0306748466257671,2022.0,3.1012269938650308,38.34,-121.98,1.348
3.3261,16.0,4.699687174139728,1.0938477580813348,2261.0,2.3576642335766422,35.36,-119.05,1.1840000000000002
7.3339,17.0,7.275092936802974,0.9702602230483272,863.0,3.20817843866171,37.27,-121.85,2.942
2.2596,40.0,3.634660421545668,0.981264637002342,1919.0,4.494145199063231,34.01,-118.16,1.375
5.3177,40.0,7.075949367088607,1.0474683544303798,767.0,2.4272151898734178,32.69,-117.17,5.00001
7.9184,19.0,5.970890410958903,1.1746575342465753,2782.0,4.763698630136987,34.05,-118.74,5.00001
3.7813,41.0,6.003787878787879,1.178030303030303,1091.0,2.066287878787879,37.9,-122.54,3.892
5.8186,52.0,4.796839729119639,0.9729119638826184,1014.0,2.288939051918736,37.31,-121.9,2.8110000000000004
5.3279,23.0,5.73109243697479,0.953781512605042,638.0,2.6806722689075637,34.42,-119.73,4.138999999999999
1.7262,18.0,5.712598425196849,1.094488188976378,695.0,2.736220472440945,40.58,-123.18,0.737
2.8182,12.0,5.404761904761906,1.0627705627705628,1153.0,2.4956709956709955,40.92,-124.09,1.269
0.8024,48.0,5.136645962732919,1.2298136645962734,396.0,2.459627329192547,39.51,-121.55,0.583
4.0221,16.0,5.594795539033457,1.0780669144981412,1649.0,3.0650557620817844,33.61,-117.69,2.362
9.7646,23.0,4.975609756097562,0.975609756097561,117.0,2.8536585365853657,34.08,-118.69,5.00001
3.5673,47.0,5.543766578249336,1.026525198938992,1053.0,2.7931034482758617,38.23,-122.7,3.103
1.6675,6.0,5.5115089514066495,1.391304347826087,1039.0,2.657289002557545,34.05,-117.3,0.958
6.7449,44.0,7.690476190476191,1.1156462585034013,763.0,2.595238095238096,34.45,-119.73,4.156000000000001
1.3177,30.0,4.268135904499541,1.1496786042240588,2524.0,2.317722681359045,38.58,-121.54,0.743
0.9274,38.0,4.342857142857143,0.8571428571428571,65.0,1.8571428571428568,38.53,-121.4,0.675
3.8935,27.0,4.840611353711791,1.1353711790393013,806.0,1.7598253275109168,33.98,-118.46,5.00001
2.3523,28.0,5.206896551724138,1.0,535.0,2.306034482758621,37.77,-120.86,0.947
2.6923,14.0,5.180628272251308,1.130890052356021,1756.0,4.596858638743456,37.38,-120.71,0.7140000000000001
3.2202,24.0,4.4,1.0775193798449612,2151.0,3.3348837209302324,34.11,-117.92,1.262
2.2961,35.0,4.1197053406998165,1.0902394106813995,1794.0,3.303867403314917,34.04,-118.38,2.077
4.9432,10.0,6.89873417721519,1.0379746835443038,470.0,2.9746835443037973,36.35,-119.67,1.188
3.8088,34.0,5.630573248407643,0.964968152866242,888.0,2.828025477707006,36.8,-119.7,0.877
3.5655,38.0,5.153846153846153,0.9698996655518396,861.0,2.879598662207358,34.08,-117.41,0.956
6.1419,26.0,7.032075471698112,1.079245283018868,1724.0,3.252830188679245,34.23,-118.61,3.273
3.5625,27.0,4.0551378446115285,1.0426065162907268,2230.0,2.7944862155388472,37.36,-121.95,2.086
3.7125,26.0,4.915254237288137,1.1305084745762712,1090.0,1.847457627118644,34.15,-118.43,4.474
1.7375,35.0,4.2719665271966525,1.1715481171548117,1258.0,5.2635983263598325,35.36,-119.0,0.486
3.0352,41.0,5.4009009009009015,1.009009009009009,1143.0,2.574324324324324,37.97,-121.26,0.698
1.4722,27.0,3.9831460674157295,1.1760299625468165,1970.0,3.6891385767790266,34.06,-117.71,0.913
1.6452,32.0,4.324705882352942,1.0376470588235294,1628.0,3.8305882352941176,36.06,-119.14,0.415
5.9214,35.0,5.463157894736842,1.1,598.0,3.147368421052632,34.04,-118.12,2.549
0.8804,36.0,2.7132352941176467,1.0808823529411764,145.0,1.0661764705882353,34.06,-118.31,4.5
7.5822,14.0,7.546419098143237,1.1140583554376655,1172.0,3.1087533156498672,34.04,-117.15,2.8310000000000004
2.793,17.0,5.539449541284403,1.0605504587155965,1538.0,2.8220183486238533,40.42,-122.32,0.765
4.515,15.0,6.379061371841155,1.063778580024067,2335.0,2.8098676293622136,38.92,-121.07,1.64
3.7574,33.0,6.135678391959798,1.185929648241206,488.0,2.452261306532664,38.9,-122.16,0.927
1.8315,28.0,4.510204081632653,1.0790816326530612,1066.0,2.7193877551020407,37.67,-120.99,0.905
4.25,44.0,3.800492610837439,1.1403940886699508,652.0,1.6059113300492611,33.76,-118.13,4.393
3.0221,28.0,4.5943012211668925,1.1058344640434192,2240.0,3.0393487109905024,34.2,-118.43,2.901
3.3889,15.0,6.094936708860758,1.1424050632911391,917.0,2.901898734177215,35.12,-118.01,0.685
4.0985,45.0,5.737179487179486,1.0128205128205128,1035.0,3.3173076923076925,34.19,-118.17,1.731
2.0769,17.0,3.941666666666667,1.2111111111111108,1300.0,3.611111111111111,33.78,-118.18,1.0
3.6442,17.0,4.584586466165414,1.0413533834586466,1161.0,2.1823308270676693,33.8,-118.07,1.931
4.0,26.0,4.587234042553191,1.0829787234042554,1142.0,2.429787234042553,34.19,-118.5,2.247
4.4609,16.0,6.2607361963190185,1.0214723926380371,1912.0,2.9325153374233133,38.71,-121.27,1.429
3.9333,37.0,4.357558139534883,0.8372093023255814,1237.0,3.5959302325581395,33.91,-118.17,1.6230000000000002
1.6552,32.0,4.865853658536587,1.275609756097561,1069.0,2.607317073170732,33.24,-115.51,0.433
3.4032,37.0,4.172839506172839,1.0555555555555556,691.0,2.132716049382716,37.68,-122.1,1.969
5.2536,13.0,6.350649350649349,0.9567099567099568,688.0,2.9783549783549783,38.97,-121.09,1.919
3.631,5.0,4.580882352941177,1.0735294117647058,396.0,2.9117647058823533,33.68,-117.8,2.25
5.5551,9.0,6.709507042253522,1.0651408450704225,1518.0,2.672535211267605,35.55,-117.68,1.425
2.6979,19.0,4.901015228426396,1.2918781725888324,855.0,2.17005076142132,33.18,-117.37,2.667
3.7366,20.0,5.321944809461235,0.9789750328515112,2870.0,3.771353482260184,32.71,-117.02,1.218
2.5564,6.0,3.650756693830036,1.1525029103608848,1894.0,2.20488940628638,33.83,-117.92,1.713
3.2857,21.0,3.9458272327964874,1.0351390922401171,1888.0,2.764275256222548,33.79,-117.99,2.133
3.2594,36.0,4.05958549222798,0.9378238341968912,1054.0,2.7305699481865284,33.88,-118.35,2.339
3.0214,19.0,4.113662456946039,1.0459242250287026,2300.0,2.640642939150402,33.89,-117.88,2.184
1.6993,28.0,4.721153846153847,1.0673076923076923,1196.0,3.8333333333333335,34.15,-117.33,0.6779999999999999
7.9283,13.0,7.703016241299304,0.988399071925754,1432.0,3.3225058004640373,33.59,-117.69,3.4810000000000003
3.1062,29.0,4.618320610687023,1.0725190839694656,863.0,3.2938931297709924,36.92,-121.74,1.56
10.0549,44.0,7.083665338645417,1.0,641.0,2.553784860557769,34.15,-118.44,5.00001
2.3682,24.0,4.617529880478088,1.1035856573705178,2541.0,3.3745019920318726,34.09,-117.44,0.974
6.6916,2.0,9.769983686786295,1.4404567699836868,1787.0,2.9151712887438825,34.38,-118.61,3.295
3.6687,48.0,5.842857142857143,1.2285714285714286,148.0,2.1142857142857143,37.74,-122.41,3.35
3.4821,16.0,5.008988764044943,1.0292134831460673,1199.0,2.69438202247191,37.75,-121.44,1.706
2.3929,46.0,4.454081632653062,1.1403061224489797,1296.0,3.3061224489795915,34.01,-118.14,1.568
1.3278,32.0,4.408510638297872,1.0574468085106383,2002.0,4.259574468085106,36.76,-119.75,0.445
6.4328,24.0,6.333333333333332,0.968503937007874,1237.0,3.2467191601049867,37.23,-121.81,2.572
3.25,20.0,4.72093023255814,1.1162790697674418,494.0,2.8720930232558137,33.83,-117.94,3.5
3.6823,30.0,4.3,0.990625,629.0,1.965625,34.14,-118.36,2.952
1.1108,41.0,4.473611111111111,1.1847222222222222,1959.0,2.720833333333333,37.82,-122.27,0.975
4.6806,36.0,6.716012084592144,1.0906344410876132,942.0,2.845921450151057,34.03,-117.19,1.524
2.8106,26.0,4.1106719367588935,1.1067193675889329,2096.0,4.142292490118577,33.82,-118.3,1.844
4.2292,36.0,5.766784452296821,1.0424028268551238,797.0,2.8162544169611308,33.95,-118.02,1.795
2.2604,43.0,3.671480144404332,1.184115523465704,836.0,3.0180505415162453,37.77,-122.21,1.0
7.0546,16.0,7.425925925925926,0.9851851851851852,827.0,3.062962962962963,32.91,-117.09,2.822
4.9205,35.0,5.152,0.96,758.0,3.032,33.93,-118.0,1.739
3.0,46.0,4.687096774193549,0.9870967741935484,817.0,2.6354838709677417,37.72,-122.47,2.467
1.432,44.0,4.0491551459293404,1.1136712749615976,2182.0,3.351766513056836,34.0,-118.28,1.24
5.1491,33.0,6.2288438617401685,0.9928486293206198,2221.0,2.647199046483909,32.81,-117.19,2.07
1.7344,35.0,4.4491525423728815,1.0677966101694916,918.0,3.889830508474576,33.93,-118.35,1.469
4.0167,35.0,4.966367713004484,1.0291479820627802,1594.0,3.5739910313901344,34.21,-118.41,1.932
6.917000000000001,38.0,6.890710382513661,0.9672131147540984,472.0,2.579234972677596,37.87,-122.17,4.38
3.4125,46.0,3.587121212121212,0.9734848484848484,1120.0,4.242424242424242,36.92,-121.76,1.607
5.5981,10.0,5.744525547445256,1.0104275286757038,3002.0,3.130344108446298,34.45,-118.53,2.201
2.3444,30.0,3.18348623853211,1.0513761467889908,2237.0,4.104587155963303,33.98,-118.18,1.561
4.6635,35.0,5.193333333333333,0.9533333333333334,371.0,2.473333333333333,34.25,-118.27,2.301
3.0089,36.0,7.873015873015873,1.7777777777777777,334.0,2.6507936507936507,33.09,-116.58,1.344
7.3669,16.0,11.29310344827586,2.727969348659004,873.0,1.6724137931034482,32.68,-117.17,1.875
2.1202,52.0,4.052805280528053,0.966996699669967,648.0,2.1386138613861387,37.85,-122.27,1.555
7.8864,52.0,6.690972222222222,0.96875,705.0,2.4479166666666665,37.9,-122.26,3.573
6.9113,17.0,7.484536082474227,0.9690721649484536,630.0,3.247422680412371,33.9,-117.86,2.852
8.2335,37.0,5.098468271334792,0.949671772428884,846.0,1.851203501094092,34.11,-118.33,4.302
6.1498,26.0,6.276243093922652,0.9981583793738492,1664.0,3.0644567219152856,34.09,-117.86,2.391
5.2998,30.0,6.6461824953445054,1.0260707635009312,1540.0,2.8677839851024207,33.74,-117.8,2.472
4.5272,18.0,6.1943231441048034,1.1397379912663756,1454.0,3.1746724890829694,36.81,-121.69,2.21
3.7344,46.0,4.817767653758542,1.0546697038724373,1133.0,2.580865603644647,34.19,-118.33,2.22
2.625,16.0,8.333333333333334,1.6666666666666667,20.0,3.333333333333333,37.9,-121.24,1.375
7.2013,12.0,7.355691056910569,1.089430894308943,1506.0,3.0609756097560976,33.5,-117.63,3.536
2.4519,25.0,4.430147058823528,0.9558823529411764,608.0,2.235294117647059,37.95,-122.02,2.083
3.1071,40.0,3.9519230769230766,1.1322115384615383,780.0,1.875,33.71,-118.29,4.643
3.901,37.0,5.154213036565978,1.109697933227345,1080.0,1.7170111287758347,33.76,-118.14,4.325
4.9286,43.0,5.980487804878049,1.1902439024390243,491.0,2.395121951219512,38.1,-122.49,3.07
1.9805,49.0,3.888675623800384,1.051823416506718,963.0,1.848368522072937,37.87,-122.28,1.737
3.3906,20.0,4.504118616144975,1.0840197693574958,1562.0,2.57331136738056,34.15,-118.24,2.841
5.2497,32.0,6.629268292682927,1.0902439024390245,1156.0,2.819512195121951,37.7,-122.08,2.593
7.2519,33.0,7.526515151515151,1.0378787878787878,1398.0,2.647727272727273,33.96,-117.37,2.166
3.5486,20.0,5.655384615384616,1.6615384615384616,615.0,1.892307692307692,32.8,-117.28,1.938
2.4322,12.0,5.105125977410947,1.0616854908774978,2992.0,2.5994787141615987,33.96,-116.97,1.121
3.5385,36.0,3.675,0.8375,266.0,3.325,34.12,-117.93,1.344
3.5313,16.0,5.384615384615384,1.0649038461538465,1104.0,2.6538461538461537,33.03,-117.27,1.487
2.5913,42.0,3.5493716337522443,1.0233393177737882,2406.0,4.3195691202872535,33.96,-118.23,1.516
6.4956,33.0,6.297587131367292,1.0911528150134049,954.0,2.5576407506702408,33.81,-118.38,4.836
3.4583,31.0,4.467455621301776,1.0591715976331362,1617.0,3.189349112426036,33.84,-117.96,1.863
4.1812,52.0,5.701388888888888,0.9965277777777778,692.0,2.4027777777777777,33.73,-118.31,3.215
12.4429,30.0,8.267326732673267,1.0841584158415842,606.0,3.0,32.86,-117.25,5.00001
2.6987,25.0,5.349295774647888,1.0056338028169014,891.0,2.5098591549295777,40.58,-124.14,0.925
3.8,36.0,4.601466992665037,1.1075794621026895,1005.0,2.45721271393643,34.26,-118.31,2.171
7.0544,25.0,6.801089918256132,0.9564032697547684,1034.0,2.8174386920980927,37.41,-121.81,3.207
5.8305,24.0,6.181146025878004,0.9815157116451017,1768.0,3.2680221811460264,37.25,-121.82,2.456
5.5036,16.0,6.548117154811716,1.0753138075313808,893.0,3.736401673640168,32.92,-117.13,1.923
3.6953,34.0,4.891203703703703,1.0625,859.0,1.9884259259259256,34.05,-118.4,5.00001
3.2011,48.0,4.941463414634146,0.946341463414634,464.0,2.2634146341463413,37.78,-122.45,4.283
2.3804,37.0,6.2389705882352935,1.2279411764705883,740.0,2.7205882352941178,34.64,-120.46,1.48
6.5147,47.0,5.838235294117648,0.9264705882352942,819.0,2.4088235294117646,34.04,-118.52,5.00001
7.8496,39.0,6.528888888888888,1.0044444444444445,553.0,2.4577777777777783,33.63,-117.92,4.908
6.1731,26.0,8.146496815286625,1.038216560509554,412.0,2.624203821656051,34.12,-117.73,2.938
6.5138,16.0,8.127098321342926,1.0215827338129495,5669.0,3.398681055155876,34.15,-117.62,3.115
2.0,52.0,5.506410256410256,1.1346153846153846,1026.0,3.2884615384615383,34.0,-118.3,1.28
3.3011,52.0,4.6167023554603865,1.0042826552462527,1070.0,2.291220556745181,38.23,-122.64,2.523
2.79,41.0,4.067484662576687,1.051124744376278,1015.0,2.0756646216768915,32.75,-117.24,2.26
9.1974,23.0,8.075949367088608,0.9651898734177216,916.0,2.8987341772151898,37.21,-121.86,5.00001
6.3712,9.0,6.762043795620438,1.108029197080292,1724.0,2.5167883211678834,33.02,-117.26,3.698
6.0791,23.0,6.119909502262442,1.015837104072398,1180.0,2.669683257918552,37.25,-121.89,3.165
3.3389,33.0,4.73936170212766,1.047872340425532,1517.0,4.034574468085107,34.03,-117.95,1.579
3.5208,21.0,5.02112676056338,1.0,476.0,3.352112676056338,33.92,-117.46,1.211
4.0114,5.0,6.0530726256983245,1.0726256983240223,1174.0,3.279329608938548,34.1,-117.19,0.977
2.6458,23.0,4.382352941176471,0.9411764705882352,101.0,2.9705882352941178,32.83,-116.97,1.125
2.7266,37.0,4.19893899204244,1.0397877984084878,1776.0,4.710875331564988,34.03,-118.2,1.408
2.0258,20.0,4.599231754161331,1.111395646606914,1865.0,2.3879641485275287,40.56,-122.36,0.648
3.2371,33.0,4.289699570815452,1.0085836909871244,2170.0,4.656652360515022,33.92,-118.05,1.547
4.2330000000000005,35.0,6.125,1.0555555555555556,756.0,3.5,34.2,-118.58,2.213
2.2875,37.0,5.257142857142857,1.0571428571428572,339.0,2.421428571428572,38.07,-120.54,0.799
4.0196,17.0,6.139767054908487,1.0449251247920133,1888.0,3.141430948419301,36.83,-119.76,0.8420000000000001
2.5787,35.0,4.14662273476112,1.0906095551894563,1883.0,3.1021416803953867,34.08,-118.13,2.23
10.9201,22.0,8.604754829123328,1.0490341753343242,2059.0,3.0594353640416045,34.15,-118.57,5.00001
1.6036,39.0,3.2510822510822512,0.8961038961038961,1010.0,4.372294372294372,34.01,-118.29,1.375
4.375,27.0,5.142857142857143,0.9958391123439668,1921.0,2.664355062413315,33.93,-117.99,2.104
4.3429,9.0,6.178284182305631,1.0697050938337802,2582.0,3.46112600536193,33.26,-117.26,1.739
4.6324,16.0,5.685410334346504,1.060790273556231,1938.0,2.945288753799392,38.32,-122.69,1.836
4.0727,18.0,3.957845433255269,1.079625292740047,2276.0,2.6651053864168617,33.9,-118.36,2.14
3.2188,39.0,2.0434782608695654,0.6956521739130435,51.0,2.217391304347826,33.99,-118.21,1.125
5.5931,23.0,5.876325088339223,1.0671378091872792,1242.0,4.3886925795053005,34.28,-118.46,2.176
2.1667,38.0,5.237735849056604,1.041509433962264,871.0,3.2867924528301886,37.73,-122.38,1.938
2.6842,28.0,4.21256038647343,1.0144927536231885,2218.0,3.5716586151368768,34.07,-118.18,1.56
3.5893,48.0,5.6259541984732815,1.267175572519084,462.0,3.5267175572519083,34.13,-118.23,2.125
6.827000000000001,36.0,7.0214285714285705,1.0357142857142858,1897.0,2.71,34.2,-118.11,3.594
2.75,52.0,3.485,0.9875,1700.0,4.25,37.8,-122.41,1.6880000000000002
6.6632,29.0,6.372159090909091,1.025568181818182,1051.0,2.9857954545454546,33.86,-118.31,3.252
4.739,26.0,6.464,1.0346666666666666,974.0,2.5973333333333333,32.81,-117.17,1.841
2.6607,25.0,5.584070796460177,1.2964601769911503,534.0,2.3628318584070795,38.93,-119.98,0.904
3.2303,23.0,5.739478957915832,1.0100200400801602,1298.0,2.6012024048096194,38.13,-121.3,1.318
4.375,36.0,4.803418803418802,0.9273504273504274,707.0,3.0213675213675213,33.93,-118.1,1.745
3.8864,42.0,6.2264808362369335,1.0313588850174216,921.0,3.2090592334494774,37.61,-121.09,1.714
1.9,16.0,4.975133214920072,1.0905861456483126,1695.0,3.010657193605684,40.56,-122.35,0.816
1.721,42.0,2.708256880733945,1.1192660550458715,1605.0,2.944954128440367,34.05,-118.3,2.143
4.9528,13.0,7.521031207598371,1.1628222523744909,2074.0,2.814111261872456,32.76,-116.95,2.662
4.131,24.0,5.397163120567376,1.0673758865248226,2541.0,4.50531914893617,33.88,-117.51,1.238
3.6707,23.0,5.441176470588236,1.072549019607843,1226.0,2.403921568627451,33.83,-117.83,2.314
4.7463,6.0,6.094936708860758,0.9588607594936708,965.0,3.0537974683544302,36.75,-119.69,0.931
2.2614,50.0,5.378698224852071,1.106508875739645,737.0,2.180473372781065,36.78,-119.8,0.73
3.1406,41.0,5.691780821917808,1.0205479452054795,443.0,3.0342465753424657,36.37,-119.78,1.0
5.2145,28.0,6.807407407407408,1.0111111111111108,899.0,3.329629629629629,37.96,-121.96,2.292
3.8173,31.0,4.896193771626296,1.1730103806228374,874.0,3.0242214532871974,33.91,-118.31,1.779
3.0909,34.0,5.572944297082229,1.129973474801061,1150.0,3.050397877984085,34.01,-117.43,0.983
2.6611,11.0,5.441441441441442,1.1182432432432432,2190.0,2.466216216216216,36.75,-119.72,0.747
4.6863,4.0,5.204113924050633,1.1518987341772151,1345.0,2.1281645569620253,33.56,-117.67,1.844
3.3958,38.0,5.266447368421051,1.1578947368421053,711.0,2.338815789473684,33.79,-118.31,2.5
2.1406,16.0,4.958333333333333,1.0148809523809523,479.0,1.425595238095238,33.69,-117.77,0.55
2.125,16.0,5.046153846153846,1.0134615384615384,1077.0,2.0711538461538463,36.28,-119.33,1.042
3.6417,28.0,4.63943161634103,1.0692717584369449,1682.0,2.987566607460036,33.88,-117.87,2.043
3.6466,21.0,5.769230769230768,1.0262237762237765,1896.0,3.3146853146853146,34.09,-117.41,1.306
2.1029,46.0,3.732558139534884,1.1744186046511629,401.0,4.662790697674419,34.06,-118.2,1.094
0.813,12.0,4.781094527363184,1.7014925373134329,315.0,1.5671641791044777,33.12,-117.1,2.75
1.5615,38.0,4.282918149466192,1.1209964412811388,1774.0,3.1565836298932384,33.94,-118.29,1.086
4.675,34.0,5.3486590038314175,0.9386973180076628,661.0,2.532567049808429,33.88,-117.9,2.154
2.6012,21.0,6.0398550724637685,1.0978260869565215,861.0,3.119565217391304,36.98,-120.21,0.922
3.6429,26.0,5.836111111111111,1.0833333333333333,2171.0,6.030555555555557,38.57,-122.44,1.597
7.3195,37.0,7.506769825918763,1.0831721470019342,1315.0,2.5435203094777563,37.89,-122.2,3.675
3.4839,45.0,5.461152882205513,1.005012531328321,1159.0,2.9047619047619047,37.68,-122.12,1.806
4.9676,34.0,5.4309927360774815,1.0750605326876512,973.0,2.3559322033898304,34.02,-118.42,4.141
5.0877,17.0,6.91869918699187,0.9593495934959352,370.0,3.008130081300813,38.33,-122.32,2.093
2.1458,22.0,3.0782608695652174,1.0521739130434782,530.0,4.608695652173913,36.72,-119.78,0.344
3.1607,20.0,5.223168654173764,1.1277683134582623,2595.0,2.2103918228279387,38.51,-121.53,1.789
2.5875,22.0,4.762295081967213,0.9057377049180328,995.0,4.077868852459017,34.11,-117.23,0.813
2.3347,36.0,4.4760994263862335,0.994263862332696,2138.0,4.087954110898663,34.05,-117.66,1.04
1.9657,13.0,4.187035069075452,1.0584484590860783,4749.0,2.523379383634432,38.48,-121.42,1.16
6.2661,4.0,6.290155440414507,1.038860103626943,959.0,2.4844559585492227,33.51,-117.68,2.685
5.2121,32.0,4.294964028776978,1.0629496402877698,1009.0,1.814748201438849,33.98,-118.46,4.667
7.0242,18.0,6.935727788279773,0.9640831758034026,3419.0,3.231568998109641,34.18,-118.97,2.931
4.3194,43.0,6.200716845878136,1.168458781362007,629.0,2.254480286738352,37.91,-122.69,2.387
4.6976,36.0,5.3626126126126135,0.9436936936936936,1669.0,3.759009009009009,33.92,-118.09,1.711
3.175,18.0,5.6272965879265096,1.1023622047244095,985.0,2.5853018372703414,38.4,-120.66,1.185
15.0001,35.0,8.586206896551724,1.0689655172413792,268.0,9.24137931034483,34.13,-118.04,5.00001
1.4726,37.0,5.5052631578947375,1.2526315789473683,374.0,3.9368421052631577,35.0,-120.58,1.063
3.5078,24.0,3.5960591133004924,0.9655172413793104,335.0,1.6502463054187193,32.81,-117.22,3.625
1.9929,30.0,2.6827225130890047,1.0041884816753928,3909.0,4.093193717277487,33.98,-118.23,1.506
4.8929,36.0,5.0,1.0790513833992097,1052.0,4.158102766798419,33.97,-118.07,1.5619999999999998
2.2262,52.0,4.553797468354429,1.0284810126582278,738.0,2.335443037974684,38.43,-122.71,1.2990000000000002
3.2239,52.0,3.996007984031936,1.037924151696607,939.0,1.874251497005988,37.77,-122.44,4.888999999999999
4.5724,6.0,11.865489130434783,2.1739130434782608,2006.0,2.7255434782608696,34.83,-119.15,1.6840000000000002
2.3944,48.0,3.729096989966555,0.991638795986622,2419.0,4.045150501672241,34.02,-118.2,1.307
3.155,25.0,5.411589895988112,1.0787518573551262,1729.0,2.5690936106983657,35.11,-120.59,2.0540000000000003
4.125,52.0,5.792857142857143,1.0809523809523809,1070.0,2.5476190476190474,37.77,-122.5,3.595
2.5012,42.0,4.1837294332723935,1.0475319926873858,2749.0,2.512797074954296,33.8,-118.2,1.975
11.6017,18.0,8.335051546391753,1.0824742268041236,533.0,2.747422680412371,37.84,-122.19,3.926
2.5903,28.0,3.4643962848297214,1.0340557275541795,739.0,2.2879256965944275,34.15,-118.13,1.25
3.7188,34.0,5.285302593659941,1.0864553314121037,1450.0,4.1786743515850135,37.36,-121.82,1.615
3.9375,35.0,5.465240641711231,0.9786096256684492,628.0,3.358288770053476,34.06,-117.93,1.875
1.8299,9.0,3.7304747320061256,1.10260336906585,1780.0,2.7258805513016844,32.72,-117.13,1.375
2.2813,36.0,3.55625,0.925,1484.0,4.6375,34.02,-118.18,1.507
3.5871,30.0,4.098540145985401,1.0072992700729928,1032.0,1.8832116788321167,33.83,-118.19,3.471
5.0862,37.0,5.281081081081081,0.9945945945945946,967.0,2.6135135135135137,34.23,-118.25,2.613
5.532,47.0,6.345454545454547,0.9818181818181818,753.0,2.7381818181818183,34.16,-118.01,3.185
4.7404,31.0,4.956692913385827,1.0688976377952757,1107.0,2.1791338582677167,33.88,-118.36,2.958
3.5833,52.0,5.15819209039548,1.0715630885122411,1312.0,2.4708097928436907,37.77,-122.5,3.229
4.5484,29.0,5.16,1.0876923076923075,1752.0,2.6953846153846155,34.23,-118.48,2.399
4.3214,18.0,5.6456456456456445,1.2612612612612613,681.0,2.045045045045045,34.15,-118.42,3.723
3.7083,43.0,5.166666666666667,0.9855072463768116,871.0,3.1557971014492754,33.83,-118.22,1.7519999999999998
4.2042,52.0,3.878313253012049,1.1674698795180722,1152.0,1.3879518072289156,37.79,-122.43,5.00001
2.8085,16.0,5.648760330578513,1.0351239669421488,1413.0,2.919421487603306,40.46,-122.45,1.057
2.6742,27.0,3.87515299877601,1.0611995104039167,1332.0,1.6303549571603426,32.75,-117.15,1.714
5.6605,17.0,6.064056939501778,0.9359430604982206,781.0,2.7793594306049823,33.16,-117.31,2.244
3.5221,52.0,4.834008097165992,1.0263157894736843,1078.0,2.182186234817814,37.78,-122.47,4.433
3.0486,34.0,5.443627450980392,1.068627450980392,1131.0,2.772058823529412,35.34,-119.03,0.685
4.7986,52.0,6.5038167938931295,1.0572519083969465,746.0,2.8473282442748094,34.19,-118.3,3.261
2.2019,15.0,10.813218390804598,2.2528735632183907,717.0,2.060344827586207,39.72,-120.66,1.305
5.3077,18.0,6.065767284991567,1.1197301854974704,1321.0,2.2276559865092747,37.29,-121.91,3.514
4.6923,37.0,5.271493212669684,0.9502262443438914,627.0,2.8371040723981897,33.95,-118.01,1.81
6.7821,16.0,7.516372795969772,1.022670025188917,1317.0,3.3173803526448364,37.95,-121.98,2.659
1.2188,40.0,3.882911392405063,1.0443037974683544,1199.0,3.794303797468354,32.7,-117.14,0.925
2.0968,23.0,2.853881278538813,1.0806697108066972,2555.0,3.888888888888889,34.19,-118.39,1.625
4.0536,34.0,5.455268389662028,1.0755467196819086,1333.0,2.650099403578529,33.96,-118.14,2.772
6.0,36.0,6.196581196581197,1.0042735042735045,568.0,2.4273504273504267,37.92,-122.29,3.114
1.1944,44.0,5.046511627906976,1.2790697674418603,274.0,3.1860465116279064,35.38,-119.01,0.575
3.0212,31.0,3.984126984126984,0.9990662931839402,3176.0,2.9654528478057887,34.03,-118.13,2.082
2.3566,22.0,5.4966329966329965,1.1077441077441077,1647.0,2.772727272727273,39.53,-122.2,0.71
5.0605,32.0,5.735238095238096,1.0076190476190476,1287.0,2.4514285714285715,34.18,-118.55,3.11
3.4896,9.0,5.9620596205962055,1.1436314363143631,938.0,2.5420054200542004,38.68,-121.2,1.4380000000000002
2.0675,25.0,3.1467991169977925,1.0684326710816776,3744.0,4.132450331125828,33.79,-118.2,1.167
3.4875,31.0,5.199186991869919,0.9898373983739838,1938.0,3.9390243902439024,32.69,-117.08,1.17
5.7837,49.0,6.137037037037038,0.9851851851851852,613.0,2.27037037037037,37.59,-122.38,3.781
3.0347,17.0,4.50580997949419,1.0423786739576213,4459.0,3.0478468899521536,34.23,-118.59,2.545
1.7763,52.0,3.0526315789473686,1.1578947368421053,249.0,4.368421052631579,34.06,-118.25,3.125
5.156000000000001,23.0,6.197718631178707,0.9619771863117872,704.0,2.67680608365019,35.27,-120.63,2.513
2.978,41.0,4.01747572815534,1.0970873786407769,1859.0,1.8048543689320389,34.11,-118.27,3.068
3.1719,43.0,5.36376404494382,0.99438202247191,1505.0,2.1137640449438204,33.95,-118.32,1.835
5.9073,35.0,5.837340876944838,0.9745403111739744,1596.0,2.2574257425742568,37.89,-122.53,4.004
3.5580000000000003,42.0,4.804347826086956,1.0108695652173914,1155.0,3.1385869565217392,33.9,-118.08,1.611
6.8753,26.0,6.9872881355932215,0.9745762711864406,1241.0,2.629237288135593,37.36,-122.04,4.03
3.2411,35.0,5.908163265306122,0.9693877551020408,826.0,2.8095238095238093,32.82,-116.94,1.592
1.6652,34.0,3.8755244755244753,1.1216783216783217,2782.0,3.890909090909091,33.97,-118.28,0.99
2.3864,42.0,5.1395348837209305,1.1434108527131783,918.0,3.558139534883721,33.96,-118.25,0.988
4.0469,45.0,4.125,0.95,282.0,3.525,37.75,-122.18,0.807
2.8646,20.0,4.126719768283852,1.154236060825489,3809.0,2.758146270818248,34.19,-118.48,2.211
2.1549,22.0,5.022458628841608,1.0898345153664302,2405.0,2.842789598108747,33.81,-117.26,1.465
1.6548,35.0,4.879417879417879,1.0935550935550935,1676.0,3.4844074844074844,36.75,-119.76,0.494
3.1579,22.0,3.673186119873817,1.0769716088328076,3335.0,2.1041009463722395,34.0,-118.44,2.431
2.7083,18.0,4.99,1.0125,1270.0,3.175,33.74,-116.95,0.912
3.9265,18.0,4.31994459833795,1.1121883656509697,1395.0,1.93213296398892,38.0,-122.55,3.011
1.975,52.0,2.8,0.7,193.0,4.825,36.73,-119.79,0.475
1.5625,36.0,5.2032085561497325,1.1711229946524064,613.0,3.27807486631016,35.34,-119.01,0.467
2.0303,40.0,4.925087108013936,1.1411149825783973,2037.0,3.5487804878048776,37.94,-121.29,0.638
2.4922,31.0,5.011811023622046,1.0314960629921262,686.0,2.7007874015748032,33.93,-117.43,1.094
1.875,38.0,4.65625,0.95,721.0,4.50625,33.91,-118.24,1.029
2.0474,37.0,4.957446808510638,1.053191489361702,1505.0,3.2021276595744683,39.36,-121.7,0.56
6.7058,44.0,6.335429769392032,0.9916142557651992,1235.0,2.5890985324947597,37.47,-122.27,4.959
3.7813,36.0,4.9035087719298245,0.9605263157894736,625.0,2.7412280701754392,37.69,-122.16,1.922
7.5674,14.0,6.477611940298509,1.1059701492537313,1505.0,2.246268656716418,33.61,-117.85,5.00001
3.0469,32.0,5.5625,1.0,1038.0,3.816176470588236,36.56,-119.73,0.8270000000000001
5.5959,30.0,5.782396088019559,1.019559902200489,1053.0,2.574572127139364,34.41,-119.74,3.462
2.625,43.0,4.087557603686636,1.0092165898617511,965.0,4.447004608294932,34.02,-118.18,1.339
4.7283,30.0,7.295264623955432,1.0306406685236769,940.0,2.618384401114206,38.63,-121.36,1.645
3.4485,38.0,5.076502732240437,0.907103825136612,686.0,3.748633879781421,33.88,-118.21,1.194
3.2,20.0,4.408119658119658,1.0598290598290598,1573.0,3.361111111111111,34.07,-117.97,1.571
3.9464,9.0,4.675257731958762,1.0670103092783505,619.0,3.1907216494845363,34.14,-117.96,1.796
4.023,35.0,5.217798594847775,1.0843091334894617,1558.0,3.648711943793912,33.91,-118.07,1.577
5.038,13.0,5.958762886597937,0.9072164948453608,1084.0,2.7938144329896906,34.87,-120.44,1.94
4.9167,34.0,5.963675213675214,1.0576923076923077,1276.0,2.7264957264957266,37.55,-122.01,2.563
4.8092,23.0,5.645061728395063,1.067901234567901,1277.0,3.9413580246913575,37.32,-121.8,2.174
7.7382,38.0,5.482293423271501,1.1062394603709949,1251.0,2.109612141652614,34.07,-118.43,5.00001
1.2132,23.0,8.714285714285714,2.4615384615384617,338.0,1.8571428571428568,33.35,-115.73,0.3
3.154,23.0,5.923312883435582,1.072085889570552,2082.0,3.193251533742332,34.03,-117.08,1.157
3.1897,36.0,4.380753138075314,0.9497907949790796,975.0,4.079497907949791,33.9,-118.05,1.55
7.5975,16.0,7.116147308781871,1.0084985835694051,795.0,2.2521246458923514,33.0,-117.24,3.691
7.7364,24.0,6.576271186440677,0.9463276836158192,969.0,2.73728813559322,37.52,-122.31,4.3580000000000005
1.9336,38.0,4.246013667425968,1.173120728929385,1768.0,4.027334851936219,34.05,-118.31,1.906
3.9333,26.0,4.668478260869565,1.046195652173913,1022.0,2.777173913043478,33.83,-118.0,1.961
2.4464,33.0,3.52,0.9066666666666666,964.0,3.2133333333333334,34.06,-117.78,1.287
3.0375,21.0,4.9722703639514725,1.0329289428076256,1471.0,2.5493934142114383,32.82,-117.17,1.976
6.3267,36.0,5.246628131021193,1.0539499036608864,1090.0,2.1001926782273603,33.96,-118.45,5.00001
3.7869,17.0,5.8159278737791125,1.0525920360631105,3153.0,2.368895567242675,38.66,-121.28,2.161
1.2625,40.0,4.61244019138756,1.1004784688995215,742.0,3.5502392344497613,37.95,-121.32,0.43
2.935,52.0,4.474820143884892,1.1270983213429258,1211.0,2.9040767386091133,34.09,-118.25,1.894
4.1827,30.0,4.694797687861271,1.0716763005780348,1487.0,1.7190751445086705,34.03,-118.49,4.351
6.0531,34.0,7.081967213114754,0.9770491803278688,852.0,2.79344262295082,33.84,-117.93,2.8710000000000004
2.8654,52.0,5.3424657534246585,1.203957382039574,1703.0,2.592085235920852,37.78,-122.44,2.8
2.6442,31.0,4.391812865497076,1.0730994152046784,1514.0,4.426900584795321,33.21,-117.38,1.033
3.3542,38.0,3.7884615384615374,1.0769230769230769,1155.0,5.552884615384616,33.94,-118.22,1.538
1.8167,35.0,3.9172413793103447,1.0344827586206895,622.0,4.289655172413793,37.62,-121.01,0.795
4.2614,36.0,5.506203473945409,1.0074441687344913,1219.0,3.0248138957816377,33.87,-118.33,2.6710000000000003
5.8382,30.0,7.425714285714286,1.0457142857142858,922.0,2.6342857142857143,37.72,-122.1,3.302
3.4706,23.0,5.5555555555555545,0.9428571428571428,1012.0,3.2126984126984133,38.89,-121.3,0.993
2.3963,16.0,5.253138075313808,1.153765690376569,2087.0,2.183054393305439,39.16,-121.65,1.148
2.0147,16.0,4.598997493734336,1.0776942355889725,599.0,1.5012531328320802,33.18,-117.31,0.877
2.875,42.0,4.284263959390863,1.0609137055837563,2038.0,3.4483925549915404,33.95,-118.36,1.775
3.5486,35.0,5.041388518024032,0.9786381842456608,1583.0,2.1134846461949266,34.01,-118.35,3.321
3.2917,34.0,6.59744408945687,1.095846645367412,1041.0,3.3258785942492013,36.55,-119.53,1.115
1.89,49.0,5.221476510067113,1.185682326621924,1334.0,2.984340044742729,34.03,-118.35,1.24
2.8056,32.0,3.5120192307692317,1.0144230769230769,1494.0,3.5913461538461537,36.91,-121.75,1.732
1.625,26.0,4.0,1.0,35.0,3.888888888888889,34.02,-118.2,1.75
2.6322,10.0,4.9916142557652,0.9517819706498952,1323.0,2.7735849056603774,33.73,-117.16,1.4069999999999998
0.536,26.0,6.0,1.0,5.0,1.6666666666666667,33.62,-114.62,2.75
2.5872,15.0,5.041450777202074,1.0224525043177892,1130.0,1.951640759930916,33.23,-117.33,1.556
4.2891,48.0,4.448979591836736,0.9727891156462584,835.0,2.8401360544217686,34.13,-118.23,2.148
2.1903,34.0,2.6158357771261,0.9325513196480938,1443.0,4.231671554252199,33.94,-118.21,1.625
3.7708,34.0,5.33641975308642,1.0,1341.0,4.138888888888889,34.05,-117.94,1.635
5.207999999999999,46.0,6.09480122324159,1.235474006116208,850.0,2.599388379204893,37.11,-122.11,2.068
3.9954,52.0,4.655263157894737,1.0894736842105264,1032.0,2.7157894736842105,37.77,-122.5,3.247
1.808,18.0,4.190305206463195,1.028725314183124,962.0,1.7271095152603233,33.22,-117.23,0.97
4.9744,16.0,6.303571428571429,1.0321428571428573,743.0,2.6535714285714285,32.82,-117.03,2.097
4.8382,45.0,5.4944444444444445,0.9666666666666668,504.0,2.8,37.51,-122.25,2.894
6.0774,29.0,7.870967741935483,1.0161290322580645,161.0,2.5967741935483866,38.43,-122.68,3.344
4.1482,7.0,5.674956622325042,1.1069982648930017,5595.0,3.2359745517640253,33.92,-117.25,1.246
3.2135,4.0,5.764026402640264,1.0041254125412542,2801.0,2.311056105610561,34.91,-120.42,2.127
1.5203,27.0,4.65311004784689,1.0669856459330145,859.0,2.055023923444976,34.03,-117.06,1.262
4.0121,19.0,4.9515962924819785,1.0597322348094749,2422.0,2.494335736354274,33.71,-118.0,2.797
4.5625,20.0,6.202197802197803,1.0527472527472528,1372.0,3.015384615384616,36.78,-119.53,1.369
6.917999999999999,32.0,6.87719298245614,0.9824561403508772,262.0,2.298245614035088,36.59,-121.89,5.00001
2.3611,31.0,6.151079136690647,1.5611510791366907,280.0,2.014388489208633,38.46,-123.07,1.125
2.8056,35.0,5.262295081967213,1.1639344262295082,157.0,2.5737704918032787,33.93,-116.61,0.6809999999999999
3.1838,20.0,3.783464566929133,1.094488188976378,525.0,2.066929133858268,32.79,-117.24,2.458
1.8857,31.0,4.655172413793104,1.0517241379310345,1154.0,3.3160919540229883,36.08,-119.01,0.555
3.6875,18.0,5.1,1.2314049586776858,2164.0,1.7884297520661157,34.17,-119.23,5.00001
5.2954,52.0,5.804560260586317,1.003257328990228,735.0,2.3941368078175898,34.04,-118.43,4.851
2.1583,39.0,4.7205128205128215,1.0974358974358975,1368.0,3.507692307692308,37.95,-121.26,0.62
4.3317,43.0,4.729903536977492,0.9678456591639872,767.0,2.4662379421221865,33.79,-118.12,2.324
4.5391,14.0,6.016688061617456,1.0179717586649548,2436.0,3.1270860077021823,33.37,-117.24,1.809
2.7639,9.0,8.758620689655173,1.7241379310344829,66.0,2.2758620689655173,39.04,-122.69,1.125
2.7413,13.0,5.571741511500548,1.0744797371303396,2284.0,2.501642935377875,37.27,-119.67,1.231
1.8288,20.0,4.277777777777779,1.1527777777777777,667.0,2.3159722222222223,38.56,-121.36,0.325
2.8966,29.0,5.234285714285714,1.0723809523809524,1619.0,3.083809523809524,38.58,-121.3,0.924
2.9292,33.0,4.066666666666666,1.1148936170212769,1774.0,2.5163120567375885,33.89,-118.14,1.834
1.6722,35.0,5.300632911392405,1.1803797468354431,1131.0,3.5791139240506333,36.56,-119.25,0.591
2.0411,24.0,4.186346863468635,1.0774907749077491,1239.0,2.2859778597785976,38.0,-121.85,1.0
6.3522,17.0,7.430340557275539,1.0897832817337458,1067.0,3.303405572755418,34.18,-118.92,2.593
4.192,25.0,4.886756238003839,1.0460652591170825,1543.0,2.9616122840690977,33.79,-117.87,2.199
5.4243,25.0,6.390845070422535,0.98943661971831,960.0,3.380281690140845,34.25,-118.74,2.147
5.4284,4.0,5.067226890756302,1.0742296918767509,1326.0,1.8571428571428568,33.65,-117.86,5.00001
8.0257,48.0,7.781045751633988,1.1274509803921569,859.0,2.80718954248366,34.04,-118.49,5.00001
2.5238,49.0,4.192023633677991,1.1063515509601178,1487.0,2.1964549483013296,37.8,-122.24,1.693
1.7038,28.0,4.598774885145484,1.0704441041347623,1530.0,2.343032159264931,41.73,-124.22,0.7829999999999999
5.3428,23.0,6.373737373737375,1.0678210678210678,1865.0,2.691197691197692,33.7,-117.96,2.793
4.0238,19.0,6.498630136986304,1.0794520547945206,1142.0,3.128767123287671,37.02,-121.51,3.746
2.4821,30.0,6.477987421383648,1.0125786163522013,448.0,2.8176100628930816,39.52,-121.53,0.738
5.2375,6.0,7.450549450549451,1.1428571428571428,318.0,3.4945054945054945,38.0,-122.26,2.464
3.5441,14.0,5.980535279805353,1.0535279805352795,1352.0,3.2895377128953767,35.37,-118.87,0.87
3.5444,12.0,4.786854460093896,1.0272300469483568,2029.0,1.9051643192488263,38.68,-121.29,1.325
1.06,31.0,3.5792682926829267,1.0975609756097562,1161.0,3.539634146341464,34.54,-117.3,0.565
2.639,39.0,4.034416826003824,1.008604206500956,2720.0,2.6003824091778203,37.63,-122.41,2.425
5.6427,26.0,7.02056074766355,1.033644859813084,1408.0,2.6317757009345795,37.28,-121.9,3.2
3.125,19.0,4.2,1.0621621621621622,1427.0,3.8567567567567567,34.07,-118.07,2.071
5.5284,37.0,5.463601532567049,0.992337164750958,689.0,2.6398467432950192,34.0,-118.41,3.31
2.8625,21.0,4.958695652173913,1.2108695652173913,1510.0,3.282608695652174,33.82,-117.99,1.896
2.888,50.0,5.105812220566318,1.1460506706408349,2261.0,3.369597615499255,37.73,-122.42,2.464
4.2386,27.0,4.915851272015655,0.9902152641878668,1861.0,3.6418786692759295,33.76,-117.94,1.842
6.2552,20.0,7.7313769751693,1.0112866817155757,1489.0,3.36117381489842,32.78,-116.95,2.964
6.706,49.0,6.802020202020202,1.0565656565656565,1317.0,2.6606060606060606,34.11,-118.1,3.514
5.4527,33.0,6.4261083743842375,1.061576354679803,1208.0,2.9753694581280787,34.21,-118.61,2.271
4.4042,9.0,5.416452442159383,1.056555269922879,1138.0,2.9254498714652954,34.02,-117.65,1.591
6.1388,30.0,5.93026941362916,1.0031695721077654,1721.0,2.727416798732172,37.33,-121.98,3.024
5.0871,7.0,6.401388888888889,1.0291666666666666,1660.0,2.305555555555556,36.81,-121.36,2.905
5.065,27.0,5.766871165644171,1.023517382413088,3538.0,3.61758691206544,34.04,-118.02,2.154
1.6833,27.0,6.7565217391304335,1.608695652173913,318.0,2.7652173913043483,40.98,-120.38,0.4
2.3125,38.0,4.45,0.95,196.0,3.2666666666666666,39.12,-123.19,0.7
4.6978,24.0,5.663313212608987,1.000670690811536,4446.0,2.9818913480885314,37.56,-122.03,2.403
3.2636,22.0,4.625,1.0554347826086956,2901.0,3.1532608695652176,33.78,-117.98,1.802
8.7471,20.0,7.683087027914613,1.0,1945.0,3.19376026272578,34.25,-118.57,4.199
3.1324,19.0,29.248648648648647,5.632432432432432,441.0,2.3837837837837843,34.24,-116.86,1.32
2.8542,34.0,3.8587786259541983,1.045801526717557,1164.0,4.442748091603052,34.04,-118.19,1.469
2.879,52.0,3.737864077669903,1.1029126213592233,867.0,1.683495145631068,37.77,-122.42,4.5
1.5427,49.0,4.298969072164948,1.0589101620029455,1956.0,2.880706921944036,37.3,-120.48,0.885
8.4262,14.0,8.288235294117648,1.025,2281.0,3.3544117647058824,37.21,-121.89,4.592
3.7167,52.0,4.94,1.12,768.0,2.56,34.06,-118.34,3.273
4.3814,16.0,6.286415711947628,1.0147299509001635,1799.0,2.9443535188216035,36.79,-121.74,2.4530000000000003
6.6539,22.0,6.412121212121212,0.9454545454545454,2408.0,3.648484848484848,33.73,-117.98,2.849
7.8005,7.0,19.65625,3.4419642857142856,858.0,1.915178571428572,33.69,-116.37,3.181
2.1187,37.0,4.668269230769232,1.1923076923076923,647.0,3.110576923076924,37.72,-122.4,2.393
3.15,49.0,5.83,1.0466666666666666,705.0,2.35,36.77,-119.81,0.722
2.817,19.0,6.108695652173912,1.1603260869565215,1207.0,3.279891304347826,33.72,-117.29,1.1
6.4441,26.0,6.017057569296376,1.0085287846481876,1258.0,2.6823027718550105,33.69,-117.93,2.61
0.536,33.0,4.928571428571429,2.0,47.0,3.3571428571428568,37.44,-121.31,1.125
7.6229,35.0,7.2251461988304095,1.02046783625731,881.0,2.576023391812865,37.39,-122.1,5.00001
5.1041,9.0,6.013671875,1.013671875,1562.0,3.05078125,37.98,-121.7,1.729
5.2801,34.0,5.510526315789473,1.0,1207.0,3.1763157894736844,34.25,-118.45,2.123
3.375,26.0,5.3694915254237285,1.0,846.0,2.867796610169492,38.33,-122.7,1.5630000000000002
4.3782,23.0,5.204761904761905,1.0269841269841269,2582.0,4.098412698412699,37.33,-121.82,1.758
2.0714,19.0,4.4142011834319534,1.1301775147928994,1190.0,2.347140039447732,33.75,-116.95,0.858
4.675,35.0,6.235294117647059,1.0252100840336134,664.0,2.7899159663865545,37.24,-121.94,2.4530000000000003
4.625,32.0,6.3243243243243255,1.0743243243243243,749.0,2.5304054054054053,34.43,-119.64,5.00001
0.536,36.0,12.25,3.5,18.0,2.25,40.31,-123.17,0.14999
2.9861,34.0,3.683417085427136,1.0201005025125631,2488.0,4.16750418760469,34.2,-118.37,1.7180000000000002
3.2121,37.0,4.617210682492583,1.0623145400593472,1304.0,1.934718100890208,32.69,-117.18,3.208
2.9357,52.0,4.327669902912621,0.95873786407767,1659.0,4.026699029126212,37.79,-122.23,1.079
3.8571,36.0,5.446043165467626,0.9280575539568344,665.0,2.392086330935252,32.79,-117.19,2.351
3.2852,39.0,4.909930715935335,1.002309468822171,1103.0,2.547344110854504,33.97,-118.03,1.962
3.5114,52.0,4.411347517730497,1.0780141843971631,444.0,1.574468085106383,34.08,-118.39,4.308
4.43,25.0,5.344660194174757,0.9466019417475728,1415.0,3.434466019417476,34.15,-119.14,2.077
5.8703,5.0,6.535603715170279,1.1021671826625388,2024.0,3.1331269349845203,34.36,-118.52,5.00001
3.3438,36.0,4.550684931506848,1.082191780821918,690.0,1.8904109589041096,34.06,-118.37,5.00001
3.625,37.0,5.325892857142857,0.9151785714285714,488.0,2.1785714285714284,34.03,-118.44,3.576
3.8929,19.0,4.974293059125964,1.025706940874036,1126.0,2.8946015424164524,34.1,-117.81,1.446
1.9766,34.0,3.4277777777777776,1.05,810.0,4.5,33.93,-118.35,1.625
3.6937,33.0,6.563318777292577,1.2314410480349345,652.0,2.8471615720524017,38.64,-121.39,0.993
3.6654,35.0,5.182352941176472,0.9352941176470588,605.0,3.5588235294117645,33.91,-118.32,1.845
2.8603,17.0,6.427561837455831,1.3745583038869258,736.0,2.6007067137809186,39.15,-120.87,1.289
2.7201,52.0,4.939338235294118,1.1029411764705883,1716.0,3.1544117647058822,34.17,-118.14,2.057
2.415,16.0,4.9232704402515735,1.030188679245283,1524.0,1.916981132075472,34.71,-118.1,1.375
4.3333,15.0,11.024561403508772,2.168421052631579,725.0,2.543859649122807,38.76,-120.02,1.214
2.9554,17.0,4.643020594965675,0.9244851258581236,1190.0,2.723112128146453,34.08,-117.37,1.15
3.434,17.0,5.352941176470588,1.0485590209238058,6990.0,2.7595736281089622,32.78,-116.94,1.932
0.8926,10.0,6.0,1.100840336134454,381.0,3.201680672268908,34.14,-117.46,1.161
2.275,28.0,4.218553459119497,1.1132075471698113,2047.0,3.2185534591194966,34.02,-117.34,0.8540000000000001
4.2155,8.0,8.315391879131257,1.3229461756373937,3159.0,2.9830028328611897,32.65,-117.04,2.478
2.9485,29.0,5.37218045112782,1.0075187969924813,672.0,2.526315789473684,40.92,-124.0,0.988
3.6111,48.0,7.297297297297297,1.4864864864864864,234.0,3.1621621621621623,38.94,-121.76,0.675
5.2446,28.0,5.6140602582496415,0.9985652797704448,2264.0,3.2482065997130563,34.04,-118.11,2.58
2.6094,19.0,14.740437158469948,3.333333333333333,981.0,2.680327868852459,34.26,-116.85,0.924
4.1301,52.0,5.696230598669622,1.0731707317073171,1030.0,2.2838137472283813,33.83,-118.18,2.684
2.6711,24.0,5.383419689119171,0.9844559585492229,643.0,3.33160621761658,36.43,-119.1,0.713
2.6307,36.0,4.803571428571429,1.2633928571428572,773.0,3.4508928571428568,34.13,-117.31,0.664
3.0827,29.0,4.791505791505792,1.0193050193050193,2773.0,2.6766409266409266,36.7,-121.65,1.481
3.1719,38.0,4.620689655172415,0.9885057471264368,311.0,3.574712643678161,36.48,-119.45,1.063
3.6321,40.0,4.8658743633276735,1.0475382003395586,1305.0,2.2156196943972835,37.91,-122.3,2.091
1.8061,5.0,3.0027624309392267,0.9337016574585636,623.0,1.7209944751381216,36.83,-119.71,1.134
8.4614,18.0,5.558620689655172,0.9672413793103448,1310.0,2.2586206896551726,33.53,-117.76,3.919
2.6803,52.0,4.278688524590164,0.9979508196721312,1082.0,2.2172131147540983,37.76,-122.42,4.9
3.1574,6.0,5.631034482758619,1.0413793103448277,1769.0,3.05,36.32,-119.34,0.892
6.4313,17.0,6.548198636806233,1.0233690360272638,3439.0,3.34858812074002,37.08,-121.56,3.931
2.0469,15.0,4.826666666666667,1.176,1157.0,3.0853333333333333,39.08,-121.53,0.551
4.5074,36.0,5.391684901531728,1.032822757111597,1111.0,2.4310722100656457,33.74,-118.31,3.5
4.267,35.0,5.5315985130111525,0.9628252788104088,1424.0,2.646840148698885,37.68,-122.14,2.103
4.2578,36.0,5.258823529411765,1.1176470588235294,2886.0,33.95294117647059,33.94,-117.63,1.833
1.9954,30.0,4.751141552511416,1.0410958904109588,1005.0,2.294520547945205,38.24,-122.04,0.929
3.9531,17.0,4.411526794742164,1.0525783619818,1640.0,1.658240647118301,37.89,-122.52,4.176
4.5333,34.0,7.113564668769716,1.2681388012618298,857.0,2.7034700315457414,34.1,-118.75,3.773
6.2047,16.0,6.55625,0.9625,467.0,2.91875,32.83,-117.1,2.481
4.9615,52.0,5.98984771573604,1.0964467005076142,467.0,2.3705583756345177,37.98,-122.58,2.922
1.1687,48.0,3.292307692307692,0.9846153846153848,1586.0,3.4857142857142858,34.11,-117.29,0.708
4.355,19.0,5.009890109890111,1.1483516483516485,1949.0,2.1417582417582417,33.66,-118.01,4.292
2.8214,52.0,4.794797687861272,1.060693641618497,788.0,2.277456647398844,37.86,-122.28,1.643
3.6827,44.0,4.351464435146443,1.0230125523012552,1781.0,3.725941422594142,37.71,-122.42,2.153
3.809,7.0,5.840938722294655,1.0117340286831813,2271.0,2.9608865710560632,39.16,-121.62,1.107
4.0,52.0,5.142857142857143,0.9807692307692308,984.0,2.7032967032967035,34.16,-118.13,2.504
3.2667,17.0,6.225331369661268,1.0736377025036818,1809.0,2.6642120765832105,37.82,-120.79,2.695
4.9821,21.0,4.487567567567568,1.1005405405405406,2054.0,2.2205405405405405,33.87,-118.38,2.929
1.8911,52.0,4.151761517615176,1.1056910569105691,782.0,2.1192411924119243,38.56,-121.47,0.8590000000000001
1.0349,19.0,4.563106796116505,1.2252427184466022,1291.0,2.5067961165048542,34.96,-120.43,1.308
3.235,18.0,5.770259638080252,1.0479937057435091,3339.0,2.627065302911093,38.7,-121.3,1.247
2.8472,35.0,4.399361022364217,1.1182108626198084,792.0,2.5303514376996805,32.83,-117.2,1.614
2.3224,18.0,3.711237553342817,1.0256045519203414,2221.0,3.159317211948791,34.06,-118.11,1.923
5.8096,20.0,8.16588785046729,1.0490654205607477,1629.0,3.806074766355141,34.27,-118.75,2.644
2.525,26.0,3.3160377358490565,0.9528301886792452,757.0,3.570754716981132,33.87,-118.2,1.555
3.7804,27.0,5.772466539196942,0.9579349904397706,1580.0,3.0210325047801145,34.69,-118.12,1.135
2.875,18.0,4.796565389696169,1.2509907529722588,2357.0,3.1136063408190227,37.26,-121.8,1.844
5.5083,52.0,6.659090909090909,1.196969696969697,607.0,2.2992424242424243,37.98,-122.54,3.719
1.4934,26.0,5.157303370786517,1.0823970037453183,761.0,2.850187265917602,39.08,-121.56,0.483
4.81,42.0,4.979498861047836,0.9635535307517084,1145.0,2.6082004555808656,34.26,-118.3,1.919
3.2583,32.0,5.226221079691517,1.012853470437018,989.0,2.5424164524421595,32.84,-117.2,1.814
6.323,19.0,6.813953488372092,0.9953488372093025,1481.0,3.444186046511628,33.51,-117.68,4.808
1.5633,41.0,4.590189873417722,1.0901898734177216,1426.0,2.2563291139240507,39.74,-121.85,0.845
4.7391,35.0,5.949191685912241,1.0230946882217091,1273.0,2.9399538106235568,37.69,-122.49,2.728
2.6951,44.0,3.90896159317212,1.0170697012802277,2962.0,4.213371266002845,33.97,-118.23,1.693
2.6875,13.0,6.154241645244216,1.1773778920308484,1177.0,3.025706940874036,36.3,-119.34,0.7440000000000001
4.0329,16.0,5.8275,1.125,1074.0,2.685,38.34,-121.97,1.268
5.0056,30.0,3.0,0.875,74.0,4.625,34.17,-118.3,1.625
3.293,31.0,4.788679245283018,1.041509433962264,1581.0,1.9886792452830189,37.98,-122.55,3.375
6.9615,13.0,8.347107438016527,1.137741046831956,1027.0,2.8292011019283745,36.57,-121.81,5.00001
3.3661,45.0,4.897905759162303,0.9712041884816754,1315.0,3.4424083769633507,33.94,-118.19,1.608
6.2059,22.0,7.8130081300813,1.0914634146341464,1665.0,3.3841463414634148,34.28,-118.75,2.399
5.9507,11.0,6.185872279700321,1.02247591865858,8721.0,3.111309311452016,34.43,-118.37,2.252
4.9079,23.0,5.707509881422925,1.0276679841897234,792.0,3.130434782608696,33.63,-117.69,2.738
3.5,42.0,4.9110576923076925,0.908653846153846,869.0,2.0889423076923075,34.02,-118.33,1.811
3.235,12.0,6.094650205761317,1.0905349794238683,757.0,3.11522633744856,33.64,-117.19,2.107
0.4999,52.0,3.875,0.5625,44.0,2.75,34.06,-117.75,1.125
4.8889,5.0,6.1587628865979385,0.9422680412371134,1821.0,3.754639175257732,34.11,-117.39,1.389
5.5198,14.0,6.559751037344397,1.0311203319502074,7363.0,3.055186721991701,34.14,-117.61,2.456
2.2368,38.0,4.4444444444444455,1.1936507936507936,1139.0,3.615873015873016,34.03,-118.36,1.2
2.5417,30.0,5.086021505376344,1.1720430107526882,242.0,2.6021505376344085,38.01,-120.37,1.232
6.8089,5.0,7.191666666666666,0.975,1109.0,3.080555555555556,33.88,-117.44,3.341
6.3131,17.0,5.293948126801153,1.1873198847262247,1364.0,1.9654178674351583,37.33,-122.05,4.364
2.2679,39.0,3.240963855421686,1.0180722891566265,1242.0,3.740963855421687,34.08,-117.96,1.518
2.4,40.0,3.7243589743589753,1.0064102564102564,298.0,1.9102564102564104,32.76,-117.2,2.55
1.8958,35.0,5.240663900414939,1.0871369294605808,950.0,3.941908713692946,32.81,-115.38,0.675
4.0556,37.0,8.833333333333334,1.5,27.0,2.25,34.01,-117.09,1.3130000000000002
5.8838,24.0,6.623931623931624,1.0655270655270654,2374.0,3.381766381766382,34.24,-119.02,2.326
3.129,48.0,4.144736842105264,1.064327485380117,1674.0,2.4473684210526314,37.78,-122.48,3.75
5.6336,40.0,5.895683453237409,1.266187050359712,498.0,1.79136690647482,33.6,-117.89,5.00001
2.1135,46.0,5.6229205175600745,1.1035120147874309,1206.0,2.229205175600739,40.79,-124.16,0.906
2.5978,52.0,2.649122807017544,0.9824561403508772,392.0,3.4385964912280698,34.42,-119.69,2.583
3.5402,24.0,4.747311827956988,0.913978494623656,1028.0,2.763440860215054,38.48,-121.45,0.987
4.0217,46.0,4.817610062893082,0.958071278825996,1429.0,2.9958071278826,37.75,-122.5,2.724
4.0039,30.0,5.180602006688964,1.0869565217391304,885.0,2.959866220735786,33.84,-118.0,1.951
3.6111,22.0,5.617866004962778,0.967741935483871,1056.0,2.620347394540944,39.14,-121.67,1.123
2.5363,25.0,4.632016632016632,1.11018711018711,1130.0,2.3492723492723493,38.59,-121.4,1.246
3.665,52.0,4.088235294117647,0.8529411764705882,523.0,3.0764705882352943,34.07,-118.14,2.204
3.1987,21.0,7.08,1.345,779.0,3.895,37.0,-121.76,2.798
6.0076,19.0,6.166031987814167,1.003808073115004,3853.0,2.9345011424219347,33.91,-117.97,2.695
2.395,35.0,6.703333333333332,1.163333333333333,970.0,3.2333333333333334,36.25,-119.69,0.941
3.0568,19.0,4.267898383371826,0.9884526558891455,1130.0,2.6096997690531176,38.47,-122.67,1.903
2.3851,25.0,5.001733102253033,1.0103986135181977,2327.0,4.032928942807627,33.92,-117.39,1.137
3.5625,17.0,4.776523702031604,1.0699774266365691,662.0,1.4943566591422122,33.61,-117.74,1.808
5.3292,34.0,5.540322580645161,0.967741935483871,906.0,3.653225806451613,33.92,-118.29,1.555
3.125,34.0,5.084821428571429,1.0625,1728.0,3.8571428571428568,34.08,-117.95,1.541
3.2793,37.0,4.526011560693641,1.083815028901734,1223.0,3.534682080924856,37.35,-121.87,1.745
1.1301,14.0,4.278409090909091,1.0795454545454546,1096.0,3.113636363636364,37.06,-120.84,0.785
5.5085,16.0,5.461920529801325,1.009933774834437,1967.0,3.256622516556291,33.63,-117.66,2.233
5.979,19.0,6.860557768924303,1.0225763612217795,2374.0,3.1527224435590964,33.91,-118.0,2.852
4.9148,16.0,5.4702093397745575,1.104669887278583,1924.0,3.0982286634460547,33.71,-117.87,1.555
1.8654,38.0,4.990074441687345,1.1116625310173698,1190.0,2.9528535980148884,34.14,-117.31,0.894
2.675,37.0,3.404833836858006,0.9879154078549848,492.0,1.4864048338368585,33.77,-118.17,2.417
7.2211,23.0,7.557077625570776,1.0182648401826484,706.0,3.2237442922374435,37.68,-121.92,2.919
7.3644,16.0,7.025134649910233,1.014362657091562,1752.0,3.1454219030520645,37.54,-122.27,4.197
2.6830000000000003,24.0,5.287037037037037,1.0123456790123455,1258.0,3.882716049382717,37.86,-121.06,1.694
1.6146,39.0,5.056034482758621,1.1594827586206895,702.0,3.0258620689655173,36.07,-119.02,0.531
2.0278,31.0,2.8469284994964754,1.0916414904330312,3107.0,3.1289023162134946,34.06,-118.31,3.6
2.6635,18.0,3.1538461538461537,1.1538461538461535,812.0,3.67420814479638,33.75,-117.87,1.625
8.0287,11.0,8.007211538461537,0.9855769230769232,1460.0,3.5096153846153846,33.92,-117.85,3.718
3.7328,38.0,4.535014005602241,1.0616246498599442,886.0,2.481792717086835,33.99,-118.05,1.824
2.0,32.0,3.741333333333333,1.064,1506.0,4.016,33.98,-118.2,1.727
7.2574,52.0,8.288135593220339,1.073446327683616,496.0,2.8022598870056497,37.85,-122.24,3.5210000000000004
5.4791,35.0,5.595375722543354,0.9913294797687862,1008.0,2.913294797687861,33.86,-118.34,2.859
2.3269,34.0,4.494623655913978,0.974910394265233,1056.0,3.78494623655914,36.73,-119.74,0.508
2.8021,33.0,4.7945619335347445,1.1299093655589123,1159.0,3.501510574018127,33.84,-117.89,1.951
5.1824,32.0,5.641148325358852,1.1961722488038278,369.0,1.7655502392344498,33.72,-118.07,5.00001
3.6563,31.0,5.172839506172839,1.054320987654321,829.0,2.0469135802469136,37.3,-121.91,3.447
8.3252,41.0,6.984126984126984,1.0238095238095235,322.0,2.555555555555556,37.88,-122.23,4.526
6.4468,43.0,5.948198198198197,0.9256756756756755,1011.0,2.2770270270270268,33.83,-118.19,4.442
7.9367,23.0,9.1768115942029,1.191304347826087,1092.0,3.165217391304348,33.62,-117.86,5.00001
4.835,28.0,5.941908713692946,1.0269709543568464,1364.0,2.8298755186722,34.44,-119.78,3.534
3.3006,17.0,3.926091825307951,1.110862262038074,2104.0,2.356103023516237,33.83,-117.98,1.858
6.9584,16.0,6.310714285714287,0.9571428571428572,1061.0,3.789285714285714,37.4,-121.87,3.516
3.0375,26.0,6.147909967845659,1.090032154340836,1002.0,3.2218649517684885,36.37,-119.55,1.263
4.9022,35.0,5.482332155477033,0.9487632508833922,1614.0,2.851590106007067,37.99,-122.03,1.693
3.7562,48.0,5.850490196078432,1.03921568627451,1041.0,2.551470588235294,37.75,-122.49,3.212
2.3079,12.0,5.672727272727273,1.059090909090909,1532.0,2.3212121212121213,39.83,-121.6,0.953
4.3571,20.0,6.212765957446807,1.0638297872340423,1679.0,2.747954173486088,37.96,-122.1,2.282
5.4631,35.0,6.589403973509934,1.0463576158940395,1614.0,3.562913907284768,33.8,-117.97,2.256
2.6716,34.0,3.9588477366255135,1.0195473251028806,2814.0,2.8950617283950617,34.08,-118.13,2.271
5.048,26.0,5.0,1.0,11.0,3.6666666666666665,37.6,-122.37,3.5
2.4896,39.0,5.117647058823528,1.1372549019607845,161.0,1.5784313725490196,37.66,-121.87,2.385
4.5987,37.0,3.5901840490797547,1.0723926380368098,1363.0,1.6723926380368097,37.45,-122.16,3.56
15.0001,52.0,8.483018867924526,0.9622641509433962,813.0,3.0679245283018868,34.07,-118.33,5.00001
2.334,30.0,5.365217391304348,1.0608695652173914,1688.0,2.935652173913044,39.51,-121.52,0.722
3.9271,43.0,5.296187683284457,0.9941348973607038,764.0,2.2404692082111435,38.58,-121.44,1.471
3.5903,35.0,3.676767676767677,1.0168350168350169,962.0,3.2390572390572387,33.91,-118.33,1.833
2.9219,38.0,4.205882352941177,0.9950980392156864,1250.0,6.127450980392156,34.27,-118.41,1.379
2.9191,19.0,4.457386363636363,0.9971590909090908,1035.0,2.9403409090909087,33.19,-117.24,1.594
2.6058,40.0,3.8857142857142857,0.9142857142857144,785.0,4.485714285714286,37.39,-120.71,0.727
3.1205,16.0,3.728476821192053,1.1015452538631347,1260.0,2.7814569536423845,33.87,-117.99,1.74
1.7104,33.0,4.2091690544412605,1.0601719197707735,1318.0,3.776504297994269,37.61,-121.02,0.59
3.5242,33.0,5.125641025641026,0.9435897435897436,1061.0,2.7205128205128206,37.75,-121.42,1.214
3.9674,52.0,4.542253521126762,1.0746478873239436,1559.0,2.195774647887324,34.09,-118.27,2.688
2.462,19.0,4.548969072164948,1.0154639175257731,868.0,2.237113402061856,38.39,-122.83,2.603
1.7417,46.0,5.286885245901638,1.0737704918032789,410.0,3.360655737704918,38.85,-121.67,1.104
2.125,18.0,4.5,1.0185185185185186,115.0,2.1296296296296298,39.23,-123.18,1.75
5.0639,4.0,6.467486818980667,0.9824253075571178,1678.0,2.9490333919156413,34.88,-120.41,2.017
2.1311,36.0,3.1661849710982657,1.067919075144509,2931.0,4.235549132947977,33.78,-118.26,1.631
2.1136,23.0,4.1625,0.8875,580.0,3.625,32.8,-115.55,0.61
10.0757,16.0,6.147826086956521,0.8304347826086956,635.0,2.760869565217391,33.66,-117.81,3.839
3.1392,8.0,2.8156565656565657,1.0404040404040404,1472.0,3.7171717171717167,33.8,-118.3,1.462
3.7201,18.0,4.602453987730061,1.0773006134969323,2281.0,2.798773006134969,33.81,-117.98,1.831
2.6618,22.0,4.210131332082551,1.0787992495309568,1543.0,2.8949343339587243,33.77,-117.97,1.796
2.5,15.0,4.581967213114754,1.1055327868852458,1837.0,1.882172131147541,37.99,-121.33,1.759
2.8421,25.0,3.7472924187725623,1.0577617328519855,1060.0,1.913357400722021,32.81,-117.26,2.278
1.3286,17.0,5.272965879265092,1.230971128608924,820.0,2.1522309711286094,33.9,-116.81,0.818
1.4853,45.0,5.285714285714286,1.2,167.0,2.3857142857142857,37.8,-121.21,1.018
3.2447,52.0,3.5267857142857144,1.0491071428571428,714.0,1.59375,37.8,-122.44,5.00001
3.2279,43.0,5.662790697674419,1.1007751937984496,800.0,3.1007751937984502,37.37,-121.83,1.824
3.8732,21.0,3.6685006877579087,1.0976616231086658,1433.0,1.9711141678129296,37.38,-122.03,2.524
2.7515,33.0,4.235772357723577,1.1300813008130082,1785.0,1.8140243902439024,32.74,-117.28,2.477
2.8237,34.0,5.203821656050955,1.0191082802547768,1906.0,3.0350318471337583,38.12,-121.28,1.107
2.4574,17.0,4.724271844660193,1.025242718446602,2371.0,2.3019417475728154,38.66,-121.37,1.033
4.0962,20.0,4.034090909090909,1.068181818181818,363.0,2.0625,37.29,-121.94,2.141
6.8322,25.0,6.578212290502792,1.0642458100558658,823.0,2.2988826815642462,32.92,-117.29,5.00001
2.375,20.0,5.818639798488665,1.3123425692695214,1745.0,2.197732997481108,39.17,-123.73,1.588
1.7641,38.0,2.423212192262602,1.071512309495897,2717.0,3.1852286049237986,34.1,-118.3,2.5
2.9344,36.0,3.9867172675521823,1.079696394686907,1756.0,3.3320683111954463,34.03,-118.38,2.221
7.2543,52.0,6.676375404530744,1.035598705501618,774.0,2.504854368932039,37.44,-122.15,5.00001
3.125,22.0,4.714542190305206,1.132854578096948,1678.0,3.0125673249551164,34.08,-117.62,1.118
3.0771,28.0,4.727969348659004,0.9693486590038314,1353.0,2.5919540229885056,32.62,-117.08,1.586
2.7432,35.0,5.204408817635271,1.0460921843687374,1231.0,2.46693386773547,38.62,-122.86,1.74
4.875,33.0,5.630597014925373,1.1305970149253732,748.0,2.7910447761194037,37.44,-122.12,3.734
3.6161,11.0,5.640449438202247,1.0337078651685394,1248.0,2.8044943820224715,36.72,-119.57,0.995
3.176,14.0,5.949671772428883,1.0984682713347922,1497.0,3.2757111597374178,35.59,-119.35,0.718
2.7986,29.0,4.409090909090909,1.1414141414141414,649.0,3.2777777777777777,34.06,-117.69,1.144
4.4375,10.0,6.041420118343194,0.980276134122288,1168.0,2.303747534516765,39.13,-121.05,1.851
1.681,31.0,3.91970802919708,1.1070559610705597,786.0,1.912408759124088,37.94,-122.34,1.455
5.1586,29.0,5.3574074074074085,1.0055555555555555,1636.0,3.0296296296296297,34.21,-118.42,2.374
10.0968,20.0,7.790697674418603,1.069767441860465,345.0,2.6744186046511627,37.01,-122.02,5.00001
2.9615,19.0,5.381386861313867,1.208029197080292,1425.0,2.6003649635036497,35.12,-120.65,1.781
2.3704,38.0,4.08235294117647,1.0431372549019609,1592.0,3.1215686274509804,33.85,-117.92,1.661
3.2024,43.0,4.911421911421911,1.0233100233100234,876.0,2.041958041958042,33.84,-118.14,3.394
3.0521,29.0,5.987234042553191,1.127659574468085,556.0,2.3659574468085105,38.54,-121.42,1.08
3.3438,50.0,5.102787456445993,1.024390243902439,1931.0,3.36411149825784,34.13,-118.2,1.736
4.6806,41.0,5.2118055555555545,1.0381944444444444,629.0,2.1840277777777777,37.68,-121.77,2.094
4.7393,23.0,4.960328317373461,1.0930232558139534,2321.0,3.1751025991792066,33.84,-118.29,2.379
4.2656,13.0,5.793851717902352,0.9828209764918626,3294.0,2.9783001808318263,39.12,-121.64,1.107
3.95,40.0,5.517571884984026,0.987220447284345,932.0,2.977635782747604,34.02,-118.11,2.102
5.0508,32.0,7.575688073394495,1.1009174311926606,1185.0,2.717889908256881,38.59,-121.36,2.257
4.9222,7.0,6.279615795090715,1.0101387406616862,6657.0,3.5522945570971185,38.25,-122.0,1.429
3.5644,32.0,4.124361158432709,1.1431005110732535,1491.0,2.5400340715502554,33.88,-118.31,2.423
1.7075,29.0,5.313664596273291,1.1071428571428572,2775.0,4.309006211180123,32.71,-117.1,0.8690000000000001
2.2208,52.0,4.565789473684211,1.095029239766082,1695.0,2.4780701754385963,37.87,-122.3,1.4480000000000002
1.8472,36.0,5.465240641711231,1.1951871657754007,1021.0,2.7299465240641707,35.42,-119.02,0.574
5.8461,34.0,6.3235294117647065,0.9950980392156864,664.0,3.2549019607843137,33.81,-117.94,2.274
3.5917,22.0,5.410526315789473,1.0210526315789474,821.0,2.880701754385965,39.21,-123.19,1.188
1.875,33.0,3.5851063829787235,1.1063829787234043,565.0,3.0053191489361697,33.12,-117.08,1.143
1.825,37.0,3.777089783281734,1.0061919504643964,1472.0,4.557275541795666,32.71,-117.13,0.815
3.5035,37.0,3.938697318007663,1.053639846743295,904.0,3.4636015325670497,37.7,-122.46,2.386
2.9315,46.0,5.135265700483092,0.9879227053140096,1292.0,3.1207729468599035,33.98,-118.34,1.49
3.7043,12.0,6.387037037037038,1.1074074074074074,1502.0,2.7814814814814817,34.49,-117.89,1.508
2.5156,43.0,4.829351535836177,1.187713310580205,569.0,1.9419795221843004,37.68,-122.09,1.909
2.3281,28.0,5.8817733990147785,1.3399014778325122,494.0,2.4334975369458127,38.93,-119.98,0.858
5.3416,31.0,5.444759206798867,0.9320113314447592,1030.0,2.917847025495752,33.85,-118.02,2.13
3.7969,40.0,5.949781659388648,1.1593886462882097,1167.0,2.5480349344978164,38.36,-122.54,2.028
4.8667,44.0,5.990610328638498,1.0985915492957747,538.0,2.5258215962441315,33.86,-118.14,2.1830000000000003
3.915,34.0,5.301639344262295,1.1278688524590164,938.0,3.0754098360655737,34.2,-118.5,2.177
15.0001,43.0,5.6875,0.75,58.0,3.625,37.46,-121.87,5.00001
2.2188,38.0,3.5743073047858944,1.0352644836272042,1226.0,3.08816120906801,38.13,-121.26,0.688
1.7344,6.0,3.3983572895277208,1.1006160164271048,1201.0,2.46611909650924,33.89,-118.16,1.4580000000000002
1.5982,20.0,6.124015748031495,1.2263779527559056,1000.0,1.9685039370078736,33.74,-116.88,1.4
2.2721,40.0,4.62890625,0.86328125,676.0,2.640625,36.32,-119.72,0.526
2.5833,25.0,3.4672454617206,1.080505130228887,3781.0,2.984214680347277,34.23,-118.45,1.837
3.1032,19.0,4.521537442014579,1.0,3784.0,2.5076209410205434,32.81,-117.18,1.795
6.2154,47.0,5.953316953316952,1.0,1010.0,2.481572481572482,37.48,-122.24,3.627
4.9444,12.0,12.447368421052632,2.2105263157894743,1179.0,2.068421052631579,33.79,-116.42,2.85
4.5,24.0,5.6282306163021865,0.9980119284294234,1462.0,2.9065606361829026,38.28,-122.26,1.5830000000000002
4.3419,22.0,5.688679245283018,1.0962264150943395,2491.0,4.7,37.32,-121.84,1.763
5.0,42.0,5.224899598393574,1.1244979919678717,539.0,2.1646586345381524,33.61,-117.89,5.00001
4.0156,8.0,6.0090090090090085,1.0067567567567568,1713.0,3.858108108108108,38.04,-121.3,1.176
6.0289,23.0,7.289029535864979,1.010548523206751,1375.0,2.9008438818565403,37.98,-122.27,2.186
1.6184,52.0,2.17039586919105,1.0602409638554218,2309.0,3.9741824440619617,34.06,-118.28,2.25
1.5223,33.0,4.722222222222221,1.0268199233716475,2030.0,3.888888888888889,36.54,-119.38,0.518
1.5064,42.0,4.3858615611192935,1.0220913107511045,1879.0,2.767304860088365,39.72,-121.82,0.6629999999999999
1.3654,47.0,5.6,1.2894736842105263,603.0,3.173684210526316,39.51,-121.56,0.579
5.0804,22.0,5.596923076923077,1.106153846153846,1329.0,2.0446153846153847,37.38,-122.11,5.00001
3.5592,36.0,4.284431137724551,1.059880239520958,1367.0,4.092814371257485,34.04,-117.94,1.602
3.2614,27.0,5.947103274559193,1.1309823677581865,1782.0,4.488664987405541,36.99,-121.54,3.05
2.5536,25.0,4.510791366906475,1.0383693045563551,1337.0,3.206235011990408,34.06,-117.69,1.44
2.8906,43.0,5.545454545454546,1.2424242424242424,534.0,2.311688311688312,36.13,-118.82,0.657
3.1319,2.0,5.473090277777778,1.0980902777777777,2489.0,2.1605902777777777,33.7,-117.15,1.115
8.5326,7.0,8.469738030713641,1.066847335140018,3570.0,3.224932249322493,33.92,-117.36,3.152
2.3438,26.0,4.616438356164384,0.9452054794520548,277.0,3.7945205479452055,36.47,-119.37,1.0
4.125,15.0,9.497607655502392,1.7272727272727273,536.0,2.5645933014354068,33.05,-116.56,1.482
3.6389,45.0,5.830508474576272,1.3276836158192091,363.0,2.0508474576271185,33.07,-117.12,1.866
3.3849,16.0,3.5700416088765605,1.0693481276005548,1129.0,1.565880721220527,32.79,-117.11,0.969
5.875,24.0,10.5,1.75,32.0,4.0,33.8,-118.02,1.938
5.0719,36.0,6.3247863247863245,1.0455840455840455,1002.0,2.8547008547008548,33.84,-118.16,2.195
3.5878,43.0,4.634228187919463,0.9328859060402684,1494.0,5.0134228187919465,33.91,-118.2,1.1840000000000002
1.8456,32.0,3.4567307692307687,1.2067307692307692,894.0,4.298076923076923,32.71,-117.14,1.031
3.7,32.0,4.9616519174041285,0.9823008849557522,1980.0,2.9203539823008846,37.96,-122.0,1.79
1.8625,32.0,3.3995680345572348,0.9654427645788336,1772.0,3.827213822894168,34.95,-120.45,0.902
1.4492,29.0,3.781779661016949,1.0190677966101696,1344.0,2.847457627118644,35.29,-120.65,2.229
2.1987,30.0,24.024193548387093,4.701612903225806,316.0,2.548387096774193,39.09,-120.06,1.24
3.5865,35.0,5.372972972972972,1.0972972972972972,602.0,3.254054054054053,33.89,-118.1,1.78
7.5,15.0,8.579281183932347,1.080338266384778,1580.0,3.340380549682876,32.78,-116.91,3.164
4.2062,35.0,4.7975460122699385,0.9386503067484664,499.0,3.0613496932515334,34.09,-117.93,1.6130000000000002
1.84,45.0,3.9836065573770494,1.0585480093676816,1484.0,3.4754098360655736,33.99,-118.3,0.914
1.725,31.0,5.158774373259052,1.2590529247910864,917.0,2.554317548746518,40.24,-123.68,0.5429999999999999
3.1635,30.0,3.5050675675675675,1.1604729729729728,1026.0,1.733108108108108,34.02,-118.49,3.667
3.5667,17.0,15.02116402116402,2.7777777777777777,390.0,2.063492063492064,39.18,-120.12,1.7919999999999998
1.4327,47.0,4.167420814479638,1.1945701357466063,881.0,3.986425339366516,34.01,-118.27,1.141
1.6007,17.0,3.6099290780141846,1.1891252955082745,688.0,1.6264775413711583,34.27,-119.3,1.875
2.6384,47.0,3.7361563517915313,0.96742671009772,1097.0,3.5732899022801297,33.97,-118.22,1.629
3.7614,31.0,4.145945945945947,0.9243243243243244,548.0,2.962162162162162,37.63,-122.08,1.76
3.8864,27.0,5.163398692810458,1.0245098039215683,1628.0,2.660130718954248,32.73,-117.11,1.3259999999999998
4.1523,34.0,4.6415094339622645,1.0943396226415094,926.0,2.495956873315364,34.22,-118.24,2.52
2.6397,32.0,4.678321678321677,0.965034965034965,859.0,3.003496503496504,36.34,-119.66,0.597
1.8933,18.0,5.851063829787233,1.3368794326241136,675.0,2.3936170212765955,40.85,-123.13,0.847
8.4438,16.0,7.512195121951219,1.0,1902.0,3.313588850174216,34.22,-118.64,3.9
3.4186,6.0,5.66256157635468,1.0270935960591132,2561.0,3.153940886699508,38.53,-121.99,1.273
2.7451,42.0,4.295285359801489,1.0794044665012408,866.0,2.1488833746898264,33.73,-118.3,2.5540000000000003
3.0208,32.0,5.151515151515151,1.085858585858586,421.0,2.1262626262626263,41.06,-124.14,1.4340000000000002
2.2969,43.0,3.4050632911392404,0.9367088607594936,295.0,3.734177215189873,33.93,-118.28,0.906
7.7814,10.0,7.665952890792291,1.051391862955032,1688.0,3.6145610278372593,33.65,-117.63,2.887
4.7734,41.0,6.572549019607843,1.031372549019608,757.0,2.9686274509803923,34.21,-118.21,4.508
1.625,34.0,4.473684210526316,1.0833333333333333,795.0,3.486842105263158,35.38,-118.98,0.508
5.32,16.0,6.186153846153848,1.0784615384615384,1488.0,2.289230769230769,33.8,-118.01,2.195
4.1731,37.0,5.5625,1.0375,485.0,2.020833333333333,34.19,-118.32,3.5210000000000004
1.8,32.0,3.9397590361445785,0.9518072289156626,736.0,2.9558232931726907,36.72,-120.06,0.604
2.875,24.0,5.344827586206896,1.1422413793103448,1035.0,4.461206896551723,36.72,-119.76,0.606
8.2159,22.0,7.599656357388317,1.0687285223367695,1995.0,3.427835051546392,34.3,-118.54,3.762
2.9286,22.0,2.8142857142857145,0.7714285714285715,331.0,4.728571428571429,33.69,-116.15,1.125
4.7813,36.0,5.167701863354037,1.0124223602484472,963.0,2.9906832298136647,37.67,-122.45,2.464
1.742,24.0,6.92896174863388,1.469945355191257,636.0,3.4754098360655736,36.49,-118.96,1.188
4.1118,35.0,6.208333333333332,1.0787037037037035,898.0,4.157407407407407,34.03,-117.92,1.5730000000000002
2.9107,43.0,5.600456621004566,1.1187214611872147,1093.0,2.4954337899543377,37.97,-121.32,0.888
3.125,35.0,4.320754716981132,1.0339622641509434,1651.0,6.230188679245282,33.89,-118.07,1.203
4.3173,32.0,5.850948509485095,1.065040650406504,981.0,2.658536585365854,38.03,-122.36,1.754
3.6827,34.0,5.197508896797153,1.1405693950177935,1541.0,2.7419928825622777,34.12,-118.08,2.641
5.0681,19.0,5.939655172413793,1.1396551724137929,1635.0,2.8189655172413794,34.11,-117.66,2.305
4.7179,13.0,5.0201754385964925,1.0894736842105264,2450.0,2.149122807017544,33.02,-117.27,3.767
4.2065,52.0,5.6826484018264845,0.9977168949771692,1101.0,2.5136986301369864,34.16,-118.11,3.2030000000000003
3.4769,50.0,5.0703125,1.0703125,1170.0,3.046875,37.73,-122.4,2.387
3.2472,35.0,4.320754716981132,1.0622641509433963,1374.0,2.59245283018868,33.79,-118.31,2.547
6.6031,19.0,6.190647482014389,1.0431654676258992,571.0,2.053956834532374,34.15,-118.16,5.00001
5.2939,35.0,6.083146067415731,1.002247191011236,1224.0,2.750561797752809,34.24,-118.49,2.442
4.4375,13.0,4.548387096774194,0.9612903225806452,718.0,4.632258064516129,32.69,-117.06,1.5490000000000002
3.5958,29.0,5.196296296296296,1.022222222222222,1242.0,2.3,36.8,-119.81,0.888
4.263,31.0,5.9609665427509295,1.0408921933085502,1582.0,2.940520446096654,34.08,-117.43,1.274
3.25,36.0,4.211136890951276,0.988399071925754,1280.0,2.9698375870069604,37.68,-122.07,2.181
6.629,25.0,6.154545454545453,0.8727272727272727,596.0,2.709090909090909,37.54,-121.93,3.524
12.0372,27.0,8.276283618581907,1.0440097799511003,1248.0,3.0513447432762835,37.39,-122.13,5.00001
4.75,52.0,4.831896551724138,0.9892241379310344,751.0,1.6185344827586208,37.76,-122.43,5.00001
2.6165,33.0,4.179389312977099,1.0559796437659033,2281.0,2.9020356234096694,34.19,-118.42,2.3080000000000003
3.5652,16.0,6.192,1.18,605.0,2.42,39.05,-122.92,1.19
2.3571,23.0,6.489499192245558,1.2794830371567043,1634.0,2.639741518578352,41.7,-122.92,0.62
6.5285,19.0,6.894915254237287,0.976271186440678,852.0,2.8881355932203387,37.67,-121.89,3.004
2.8333,15.0,3.7089552238805967,1.1074626865671642,1994.0,2.9761194029850757,34.23,-118.36,1.832
2.4464,42.0,3.770114942528736,1.1494252873563218,605.0,6.954022988505748,33.92,-118.24,0.974
3.8819,44.0,4.395348837209301,1.0813953488372092,1378.0,3.204651162790697,33.85,-118.18,1.432
3.8319,28.0,5.4032697547683926,1.021798365122616,1407.0,3.833787465940055,34.0,-117.97,1.79
1.1818,29.0,3.5016835016835017,0.9797979797979798,1054.0,3.548821548821549,32.71,-117.11,0.8320000000000001
2.7697,38.0,5.473684210526316,1.0210526315789474,995.0,2.6184210526315788,38.52,-121.44,0.7659999999999999
7.5845,25.0,7.1193415637860085,0.9300411522633744,721.0,2.967078189300412,37.27,-121.87,2.793
6.3586,23.0,7.651761517615175,1.065040650406504,2050.0,2.7777777777777777,34.18,-118.83,3.483
5.8692,52.0,7.125,1.0731707317073171,981.0,2.990853658536585,34.14,-118.12,4.904
3.1917,21.0,5.563380281690142,0.9718309859154928,533.0,2.5023474178403755,38.07,-121.29,2.045
4.5547,10.0,6.28,1.0514285714285714,1645.0,4.7,32.57,-117.09,1.607
5.4103,32.0,6.114285714285713,1.0879120879120878,1092.0,2.4,37.28,-122.0,3.359
2.8365,32.0,5.371900826446281,1.0606060606060606,1145.0,3.1542699724517904,38.76,-121.77,0.879
1.8163,33.0,4.883720930232559,1.0963455149501662,1222.0,4.059800664451827,36.54,-119.28,0.574
6.223,10.0,5.740869565217391,1.031304347826087,2190.0,3.808695652173913,37.27,-121.8,2.607
2.7621,33.0,4.745033112582783,0.9867549668874172,824.0,2.728476821192053,37.67,-120.98,1.091
2.6763,16.0,3.953010279001469,1.0998531571218797,1674.0,2.4581497797356837,37.3,-121.88,1.911
7.6016,9.0,7.389408099688474,0.97196261682243,1039.0,3.2367601246105915,34.17,-118.95,3.449
3.9722,52.0,4.71608040201005,1.0728643216080402,712.0,1.7889447236180904,37.76,-122.39,2.909
1.9427,42.0,4.136666666666667,1.03,821.0,2.736666666666667,37.78,-122.29,1.022
2.4398,11.0,4.20440251572327,1.2955974842767295,1376.0,4.327044025157233,36.29,-120.27,0.875
3.4821,34.0,4.577696526508227,1.0054844606946984,1810.0,3.3089579524680075,36.21,-121.13,1.137
4.1411,43.0,5.266798418972332,1.098814229249012,1015.0,2.005928853754941,34.06,-118.41,5.00001
4.125,9.0,6.655581947743468,1.1187648456057009,1155.0,2.7434679334916865,33.52,-116.96,3.921
2.3594,16.0,7.384615384615384,1.4326923076923077,646.0,3.1057692307692317,39.32,-120.19,1.557
7.3732,16.0,7.199524940617577,1.0403800475059382,1087.0,2.581947743467933,37.88,-122.02,2.873
3.0677,37.0,4.439024390243904,1.1029810298102978,1341.0,3.634146341463415,33.93,-118.34,1.6769999999999998
5.9291,23.0,5.166666666666667,1.0128205128205128,373.0,2.391025641025641,37.4,-122.08,2.846
7.9761,52.0,7.709756097560977,1.151219512195122,842.0,2.053658536585366,37.8,-122.44,5.00001
4.0282,16.0,5.842592592592593,1.0018518518518518,1630.0,3.0185185185185186,39.0,-121.3,1.264
3.662,23.0,4.008298755186722,1.1452282157676348,997.0,2.0684647302904566,37.27,-121.94,2.119
2.2981,35.0,4.654589371980676,0.932367149758454,1371.0,3.3115942028985508,35.78,-119.25,0.6990000000000001
3.375,37.0,4.054245283018868,1.0047169811320755,1266.0,2.9858490566037736,33.89,-118.36,2.28
5.1017,13.0,7.082857142857143,1.1257142857142857,1075.0,3.071428571428572,37.91,-121.6,2.414
5.1433,16.0,6.306264501160093,1.0162412993039442,1515.0,3.51508120649652,32.93,-117.15,1.853
2.2024,33.0,4.766968325791855,1.0203619909502262,1364.0,3.085972850678733,36.32,-119.29,0.672
3.3958,25.0,4.000709219858156,1.075886524822695,3786.0,2.685106382978724,37.3,-121.95,2.675
2.9484,15.0,5.575155279503106,1.067080745341615,2114.0,2.6260869565217395,38.83,-121.18,1.244
2.8229,16.0,4.700389105058366,1.0992217898832686,1750.0,3.404669260700389,34.06,-118.11,1.6369999999999998
4.6534,24.0,6.596685082872927,0.988950276243094,1187.0,3.2790055248618786,38.25,-122.62,1.965
1.631,34.0,4.516312056737589,1.0950354609929078,2474.0,3.5092198581560283,34.02,-118.3,1.375
2.1029,11.0,23.994152046783626,5.157894736842105,356.0,2.08187134502924,36.12,-118.54,0.991
2.25,36.0,3.25,0.9722222222222222,834.0,3.861111111111111,34.01,-118.14,1.625
2.375,17.0,4.238095238095238,0.9047619047619048,79.0,3.761904761904762,33.69,-116.18,1.55
2.5234,31.0,4.160944206008582,1.0836909871244635,1584.0,3.3991416309012874,34.17,-118.36,1.995
5.1237,52.0,5.7828418230563,0.970509383378016,1001.0,2.683646112600536,33.88,-117.93,2.4
2.1856,41.0,3.718987341772152,1.0658227848101265,803.0,2.0329113924050635,32.76,-117.12,1.205
8.7288,6.0,8.715841584158415,1.1029702970297028,3385.0,3.351485148514852,34.23,-118.83,4.258
3.2656,29.0,5.621621621621622,1.0926640926640927,2188.0,4.223938223938224,34.11,-117.34,0.906
3.152,21.0,4.4875,1.015,2246.0,5.615,33.71,-117.86,1.528
3.5404,38.0,5.64349376114082,1.0249554367201426,1351.0,2.4081996434937607,37.97,-121.33,0.916
2.5833,19.0,3.156862745098038,1.0980392156862746,191.0,1.8725490196078431,37.49,-122.24,5.00001
1.4732,28.0,4.96078431372549,0.9803921568627452,201.0,3.941176470588236,38.03,-121.16,1.5630000000000002
3.15,52.0,4.765714285714286,1.062857142857143,494.0,2.8228571428571434,37.86,-122.27,2.063
3.2566,36.0,4.926421404682273,1.096989966555184,785.0,2.6254180602006687,34.09,-117.72,1.518
3.1563,22.0,8.420689655172414,2.1517241379310343,1301.0,4.4862068965517246,36.85,-121.91,3.0
2.7788,27.0,5.124835742444152,1.0197109067017085,1549.0,2.035479632063075,38.61,-121.35,1.157
4.9219,35.0,6.930232558139535,1.1686046511627908,535.0,3.11046511627907,37.98,-122.0,1.82
5.1082,33.0,4.940828402366863,1.0710059171597632,781.0,4.621301775147929,37.38,-121.84,1.958
3.1625,16.0,5.992346938775509,1.1377551020408163,1302.0,3.321428571428572,37.68,-120.97,1.3030000000000002
3.5781,37.0,4.8281750266808965,1.0725720384204909,2099.0,2.240128068303095,34.17,-118.23,3.667
4.2985,12.0,5.720577617328519,1.0613718411552346,4861.0,3.5097472924187727,33.96,-117.5,1.392
3.2315,35.0,6.6987577639751565,1.5124223602484472,768.0,2.3850931677018634,38.54,-123.02,1.369
2.8295,52.0,4.940259740259741,1.0545454545454545,1233.0,3.2025974025974024,34.03,-118.31,1.3219999999999998
3.5147,28.0,5.1195372750642685,1.0951156812339329,1582.0,2.033419023136247,36.63,-121.93,3.139
4.7946,24.0,6.311233885819521,1.0368324125230202,4926.0,3.023941068139963,33.82,-117.84,2.512
3.3710000000000004,17.0,4.04969696969697,0.9733333333333334,3381.0,4.098181818181819,33.76,-117.93,1.618
3.1507,6.0,4.838483146067416,1.1896067415730338,2467.0,3.4648876404494384,33.91,-118.16,1.44
3.0812,38.0,4.628336755646816,1.0985626283367556,951.0,1.9527720739219712,37.8,-122.21,2.331
5.9143,35.0,6.3502304147465445,1.1382488479262671,645.0,2.9723502304147464,33.83,-118.36,3.434
4.3158,49.0,5.478260869565218,1.0739130434782609,1435.0,2.079710144927536,34.04,-118.48,5.00001
5.7559,18.0,6.07223113964687,1.0497592295345104,1843.0,2.958266452648475,33.64,-117.69,2.158
3.2260000000000004,52.0,5.372469635627531,0.9473684210526316,1157.0,2.3421052631578947,37.96,-121.31,1.0759999999999998
3.4234,46.0,5.49404761904762,1.1398809523809523,867.0,2.580357142857143,33.79,-117.85,2.0
5.1463,35.0,6.257028112449799,1.072289156626506,793.0,3.184738955823293,34.2,-118.58,2.202
4.4828,26.0,4.990476190476191,1.0095238095238095,1282.0,2.4419047619047616,33.88,-118.37,3.407
3.5694,41.0,5.037936267071321,1.0819423368740515,1236.0,1.8755690440060693,34.16,-118.05,2.786
4.4545,24.0,4.497607655502391,0.9688995215311004,967.0,2.313397129186604,33.76,-117.98,1.925
3.0625,8.0,5.283194057567316,1.1039925719591457,2887.0,2.680594243268338,39.73,-121.79,1.163
4.9286,13.0,6.5285714285714285,1.1311688311688313,1912.0,2.4831168831168835,38.12,-122.58,3.095
4.2813,39.0,4.647058823529412,0.9673202614379084,347.0,2.2679738562091503,34.01,-118.46,2.972
3.055,35.0,5.878571428571429,1.05,1056.0,3.7714285714285714,34.07,-117.9,1.72
4.35,21.0,5.93687707641196,0.9667774086378738,988.0,3.2823920265780733,38.47,-121.43,0.962
1.1635,39.0,3.7808988764044944,1.0674157303370786,1520.0,4.2696629213483135,33.97,-118.25,1.087
2.7273,44.0,4.5625,1.02734375,509.0,1.98828125,32.73,-117.23,2.697
2.9375,19.0,5.236286919831223,1.029535864978903,850.0,3.586497890295359,36.33,-119.67,0.8170000000000001
3.75,42.0,4.7477876106194685,0.9734513274336284,804.0,3.557522123893805,34.21,-118.35,1.726
1.2,20.0,4.625,1.375,34.0,4.25,35.32,-119.04,0.5
5.1966,15.0,6.426865671641791,1.0298507462686568,979.0,2.9223880597014924,38.34,-122.63,3.254
2.125,44.0,4.294264339152121,1.139650872817955,2177.0,5.4289276807980045,33.98,-118.27,0.925
2.1746,20.0,4.711111111111111,1.0464646464646463,1856.0,3.7494949494949497,39.74,-122.01,0.5870000000000001
4.6333,35.0,5.729166666666668,1.0763888888888888,590.0,4.097222222222221,33.97,-118.08,1.612
6.5,20.0,6.451612903225807,0.8064516129032258,83.0,2.677419354838709,37.69,-122.03,3.4
2.8519,17.0,5.047808764940238,1.0298804780876494,1764.0,3.5139442231075697,37.43,-120.79,0.807
3.7109,40.0,5.430939226519337,1.080110497237569,1120.0,3.0939226519337018,34.04,-118.14,1.988
4.0526,36.0,5.639506172839505,1.0962962962962963,1425.0,3.5185185185185186,33.95,-117.43,1.045
3.8893,25.0,4.576399394856279,1.042360060514372,1755.0,2.655068078668684,37.26,-121.88,2.186
2.5812,36.0,2.97008547008547,0.9786324786324786,874.0,1.8675213675213675,34.09,-118.36,2.0
2.1181,39.0,3.4711538461538463,1.0745192307692308,1890.0,4.543269230769232,33.97,-118.16,1.766
4.0862,44.0,5.295373665480427,0.9217081850533808,667.0,2.3736654804270456,32.74,-117.24,3.218
6.435,40.0,4.361038961038961,0.9662337662337662,719.0,1.867532467532468,33.87,-118.4,4.795
1.615,42.0,4.824,1.216,1167.0,4.668,33.96,-118.28,1.013
1.7391,18.0,3.1094890510948905,1.0875912408759123,1639.0,2.990875912408759,32.76,-117.08,1.25
5.9619,20.0,4.907444668008048,0.9537223340040242,1219.0,2.4527162977867203,33.88,-118.37,3.359
2.875,41.0,4.064,1.048,1176.0,3.136,34.19,-118.34,1.924
7.2211,30.0,6.413157894736843,0.9184210526315788,1005.0,2.644736842105264,36.73,-119.69,1.717
4.4474,25.0,6.342776203966006,1.0226628895184136,928.0,2.6288951841359776,38.03,-122.26,2.037
7.7201,21.0,7.75375,0.9975,2494.0,3.1175,37.22,-121.85,3.627
4.21,45.0,5.089171974522293,1.0360934182590231,1569.0,3.3312101910828025,34.12,-118.18,1.679
10.0765,3.0,7.674358974358975,1.1,991.0,2.541025641025641,33.61,-117.59,3.782
4.5401,28.0,5.544388609715243,0.9614740368509213,1811.0,3.033500837520938,37.99,-122.07,1.669
4.7361,50.0,5.539393939393939,1.0121212121212122,322.0,1.951515151515152,33.76,-118.14,4.188
6.091,28.0,7.25879917184265,1.1656314699792958,1362.0,2.819875776397516,34.46,-119.51,5.00001
2.4671,30.0,4.386727688787185,1.05720823798627,828.0,1.8947368421052635,32.8,-117.24,2.763
6.8268,21.0,6.782515991471215,0.953091684434968,1416.0,3.0191897654584223,33.9,-117.87,2.803
4.0179,42.0,5.13681592039801,1.0049751243781095,1313.0,3.266169154228856,34.1,-118.05,2.7430000000000003
1.6307,35.0,2.9626865671641784,1.0011481056257177,3276.0,1.8805970149253728,37.86,-122.26,2.536
1.6699,42.0,3.6096822995461424,1.0136157337367624,2327.0,3.5204236006051435,34.02,-118.3,1.08
4.0298,44.0,6.047619047619048,0.9166666666666666,791.0,2.3541666666666665,36.32,-119.31,1.09
11.2185,52.0,8.300835654596101,1.0194986072423398,967.0,2.6935933147632314,34.07,-118.32,5.00001
4.1146,45.0,5.076326002587322,1.0789133247089262,1992.0,2.576972833117724,37.91,-122.31,1.778
2.375,52.0,4.8,1.2,23.0,4.6,37.94,-121.3,0.675
4.2898,40.0,5.224867724867725,1.029100529100529,1116.0,2.952380952380953,34.09,-118.06,2.516
4.3424,10.0,5.669135802469135,1.1111111111111112,818.0,2.0197530864197533,33.03,-117.08,1.606
2.274,27.0,3.48,1.128,2296.0,3.061333333333333,34.04,-117.95,1.508
5.6945,36.0,6.191489361702128,1.0212765957446808,124.0,2.6382978723404253,37.59,-120.59,1.5419999999999998
4.875,1.0,5.533333333333332,1.0,32.0,2.1333333333333333,35.08,-117.95,1.4169999999999998
3.6625,22.0,5.7474747474747465,0.9966329966329966,822.0,2.767676767676768,39.75,-121.87,1.266
1.4387,37.0,5.117346938775509,1.2465986394557824,1513.0,2.57312925170068,38.62,-121.44,0.61
3.5363,21.0,5.8580246913580245,1.0864197530864197,2907.0,2.9907407407407414,40.73,-124.19,0.901
3.7546,28.0,5.756613756613756,1.0158730158730158,1512.0,2.6666666666666665,37.8,-121.2,1.3530000000000002
4.9583,28.0,6.759450171821307,1.0824742268041236,734.0,2.52233676975945,38.36,-122.01,1.462
3.5528,27.0,4.073627844712182,1.0535475234270415,1398.0,1.8714859437751004,33.77,-118.15,2.7110000000000003
4.1806,35.0,4.890909090909091,0.9333333333333332,850.0,2.575757575757576,34.2,-118.51,2.09
2.3229,16.0,5.205357142857143,1.0446428571428572,2372.0,3.5297619047619047,33.85,-117.28,1.18
3.3067,17.0,4.849181360201512,1.0327455919395463,7302.0,2.29911838790932,32.83,-117.01,1.219
4.425,35.0,4.723958333333333,0.9505208333333334,1025.0,2.669270833333333,37.67,-122.44,2.684
5.752999999999999,5.0,6.386243386243386,1.1146384479717812,1546.0,2.72663139329806,33.52,-117.68,3.228
5.3886,15.0,6.945848375451263,0.9458483754512635,848.0,3.061371841155234,36.84,-119.77,1.253
3.5,7.0,3.889719626168224,1.2280373831775702,1456.0,2.7214953271028044,34.21,-118.46,1.869
4.4728,17.0,6.042857142857143,1.0464285714285717,934.0,3.335714285714286,33.73,-117.92,2.0580000000000003
6.6238,17.0,6.238993710691824,0.949685534591195,316.0,1.9874213836477987,38.61,-121.31,3.267
2.7348,16.0,4.2625250501002006,1.0260521042084167,1532.0,3.070140280561122,32.99,-117.26,2.313
1.9386,17.0,4.406103286384977,1.363849765258216,1288.0,3.0234741784037564,33.2,-117.38,1.063
3.95,22.0,6.894736842105262,1.0175438596491229,134.0,2.3508771929824563,38.12,-121.23,1.781
3.5,37.0,4.376569037656904,1.0502092050209204,822.0,3.4393305439330546,37.71,-122.47,2.244
4.0658,25.0,5.788643533123028,1.0157728706624605,1815.0,2.862776025236593,34.06,-117.15,1.274
3.1786,34.0,2.8907563025210083,0.907563025210084,315.0,2.647058823529412,34.06,-117.73,1.178
4.0938,20.0,5.66,1.064,667.0,2.668,38.35,-121.96,1.173
3.2622,33.0,4.824055666003977,1.0984095427435387,2855.0,2.837972166998012,34.02,-118.09,2.086
2.655,36.0,4.854477611940299,1.1007462686567164,2313.0,2.876865671641791,38.75,-121.3,0.863
4.0122,20.0,5.437284234752588,1.0138089758342923,2823.0,3.248561565017261,34.35,-119.09,2.148
7.8633,28.0,7.162337662337662,1.0649350649350648,415.0,2.6948051948051948,37.38,-122.26,5.00001
7.7738,14.0,7.237333333333333,0.9626666666666668,1259.0,3.357333333333333,37.21,-121.83,3.875
6.0905,26.0,5.631147540983608,0.9590163934426228,731.0,2.9959016393442623,33.68,-117.96,2.248
1.6303,14.0,4.380653266331659,1.1168341708542713,2352.0,2.9547738693467336,35.65,-120.69,1.449
1.4665,16.0,4.340106007067138,1.232332155477032,2518.0,2.224381625441696,33.96,-116.51,0.611
1.6731,41.0,4.036827195467422,1.0538243626062322,1803.0,5.1076487252124645,33.99,-118.24,0.882
1.7467,41.0,4.600628930817611,1.0660377358490567,1066.0,3.3522012578616347,35.37,-118.96,0.524
4.0234,52.0,4.9605263157894735,0.9144736842105264,1138.0,3.7434210526315774,37.71,-122.43,2.665
2.5663,19.0,3.9004267425320056,1.0753911806543386,1396.0,1.985775248933144,34.1,-118.13,1.975
4.1098,21.0,4.89532293986637,1.0289532293986636,1100.0,2.4498886414253898,38.0,-122.6,2.466
2.8622,26.0,4.516501650165017,1.0132013201320131,1877.0,3.0973597359735967,33.79,-117.92,1.843
5.2598,47.0,6.335106382978723,1.0425531914893618,867.0,2.305851063829788,37.73,-122.48,3.715
10.6834,28.0,7.702479338842975,1.0055096418732783,1085.0,2.9889807162534434,37.24,-122.02,5.00001
3.0431,41.0,4.605475040257648,1.0982286634460547,1516.0,2.4412238325281805,34.2,-118.34,2.629
4.125,36.0,5.178571428571429,0.8642857142857143,335.0,2.392857142857143,37.66,-122.42,3.276
5.212000000000001,32.0,5.589189189189188,0.9621621621621622,976.0,2.637837837837838,34.08,-117.9,2.012
2.052,31.0,3.812267657992565,1.020446096654275,1581.0,2.9386617100371746,32.67,-117.09,1.089
3.7188,37.0,6.237226277372263,1.0145985401459854,744.0,2.7153284671532845,34.16,-117.25,1.166
3.1576,47.0,5.333333333333333,1.2435897435897436,419.0,2.685897435897436,34.11,-118.07,2.25
2.7157,25.0,3.7865497076023393,1.2192982456140349,856.0,2.5029239766081868,33.77,-117.97,3.5
2.4012,18.0,5.234793187347932,1.020681265206813,5303.0,3.2256690997566912,37.37,-120.5,0.797
4.0,38.0,4.391044776119403,0.982089552238806,1207.0,3.6029850746268655,33.8,-118.28,1.655
3.5481,34.0,3.7553956834532376,0.9928057553956836,373.0,2.683453237410072,33.94,-118.13,2.65
1.3071,51.0,2.647294589178357,1.1022044088176353,781.0,1.565130260521042,32.72,-117.15,2.5
4.9219,34.0,5.965517241379311,1.0057471264367817,578.0,3.32183908045977,33.82,-117.98,2.0
4.8693,23.0,6.448863636363638,1.0954545454545457,2197.0,2.496590909090909,36.99,-121.91,3.2230000000000003
2.0161,11.0,3.82312925170068,1.1156462585034013,504.0,3.4285714285714284,34.64,-120.46,1.188
5.5658,52.0,5.3,0.9840909090909092,1135.0,2.5795454545454546,34.17,-118.28,3.312
3.2361,35.0,6.4720279720279725,1.143356643356643,1007.0,3.5209790209790213,38.69,-121.37,0.84
6.02,19.0,5.368794326241135,1.049645390070922,361.0,2.5602836879432624,33.87,-118.37,3.042
2.6976,52.0,4.4335511982570806,1.0522875816993464,904.0,1.9694989106753813,38.58,-121.47,1.093
4.0833,34.0,7.03030303030303,1.0340909090909092,540.0,2.0454545454545454,34.13,-118.32,5.00001
5.0764,24.0,5.455069124423964,1.1002304147465438,2600.0,2.995391705069125,33.82,-117.94,2.286
6.3705,6.0,6.4594017094017095,1.106837606837607,1225.0,2.6175213675213675,37.67,-121.76,3.5
6.907,16.0,6.644539614561027,1.032119914346895,1567.0,3.355460385438972,34.3,-118.96,5.00001
3.2368,44.0,5.264840182648403,1.08675799086758,657.0,3.0,36.98,-122.02,2.125
5.5379,42.0,5.689542483660131,0.9836601307189542,723.0,2.362745098039216,37.92,-122.53,4.105
2.8239,43.0,3.6381909547738696,1.0134003350083751,2386.0,3.996649916247906,34.02,-118.15,1.506
8.1844,22.0,7.817073170731707,1.0463414634146342,1083.0,2.6414634146341465,32.81,-117.23,4.063
3.875,33.0,4.50909090909091,1.084090909090909,1764.0,4.009090909090909,33.8,-118.22,1.651
2.535,37.0,4.723214285714286,1.1227678571428572,1109.0,2.4754464285714284,37.68,-122.1,1.74
3.0125,37.0,6.0814814814814815,1.1111111111111112,404.0,2.9925925925925925,32.74,-117.03,1.304
2.2245,29.0,4.965882352941176,1.06,2294.0,2.6988235294117646,38.51,-121.45,0.759
2.7589,26.0,3.755434782608696,1.0516304347826086,1977.0,5.372282608695652,33.75,-118.0,1.375
4.2153,18.0,6.11453744493392,1.0881057268722467,1817.0,2.6681350954478718,36.83,-119.78,0.952
2.4191,3.0,6.274193548387097,1.6451612903225807,422.0,2.2688172043010755,37.99,-120.35,2.175
4.0774,35.0,5.2253886010362685,0.9922279792746114,1388.0,3.5958549222797926,33.92,-118.1,1.716
2.1806,52.0,5.193846153846153,1.0369230769230768,853.0,2.624615384615385,37.84,-122.27,0.997
8.6573,16.0,7.598615916955018,0.9930795847750864,949.0,3.283737024221453,34.14,-117.65,3.54
2.725,23.0,5.633738601823707,1.168693009118541,1938.0,2.945288753799392,34.01,-117.35,0.953
4.5791,12.0,5.8992673992674005,1.021978021978022,2966.0,2.716117216117216,35.36,-119.08,1.234
2.0324,35.0,4.216666666666667,1.0208333333333333,633.0,2.6375,36.78,-119.81,0.555
6.0162,20.0,5.639830508474576,0.9830508474576272,1275.0,2.7012711864406778,33.82,-118.03,3.185
4.5313,38.0,6.663043478260869,1.039855072463768,685.0,2.481884057971014,38.59,-121.38,1.894
2.7069,18.0,5.0659186535764364,1.0336605890603086,1864.0,2.614305750350632,32.84,-116.9,1.538
3.9722,25.0,4.149,1.067,1749.0,1.749,34.0,-118.48,4.5
1.9028,51.0,4.056122448979592,1.0561224489795915,949.0,2.420918367346939,37.8,-122.23,1.279
5.6234,42.0,5.334224598930482,1.1016042780748665,794.0,2.122994652406417,37.46,-122.15,3.796
1.4481,25.0,3.4057377049180326,0.9426229508196722,947.0,3.881147540983607,36.62,-119.31,0.517
1.9041,30.0,4.49738219895288,1.1570680628272252,912.0,4.774869109947644,33.96,-118.24,1.051
6.0097,25.0,5.972222222222222,0.8796296296296297,689.0,3.189814814814815,34.45,-118.5,2.202
2.5719,32.0,4.370253164556962,1.0316455696202531,2677.0,4.235759493670886,33.9,-118.19,1.056
4.8966,45.0,6.176646706586826,1.0419161676646709,1722.0,2.5778443113772456,37.48,-122.24,3.621
3.1949,25.0,4.433962264150943,1.0251572327044025,1107.0,2.320754716981132,34.08,-117.89,2.074
7.309,8.0,7.745454545454545,1.1090909090909091,241.0,4.381818181818182,37.44,-121.85,3.679
2.2409,29.0,3.918918918918919,1.052123552123552,1014.0,1.9575289575289576,32.76,-117.11,1.142
4.7952,22.0,6.365973072215422,1.05875152998776,3280.0,4.01468788249694,32.73,-117.02,1.414
3.6832,20.0,4.231794871794873,1.0574358974358975,2079.0,2.1323076923076925,37.58,-121.98,2.169
6.0868,17.0,6.29338327091136,0.9712858926342072,2396.0,2.9912609238451937,33.53,-117.69,2.829
2.9934,35.0,3.349425287356322,1.0735632183908046,1334.0,1.5333333333333334,34.02,-118.5,3.5
2.1923,52.0,3.0106761565836297,0.9644128113879004,1153.0,4.103202846975089,34.04,-118.21,1.55
5.3292,52.0,5.029900332225914,1.043189368770764,724.0,2.4053156146179404,37.74,-122.43,3.009
7.8915,3.0,7.7997557997558,1.123321123321123,2129.0,2.5995115995116,33.53,-117.73,4.206
4.2121,14.0,5.1409574468085095,0.922872340425532,1443.0,3.8377659574468086,34.11,-117.4,1.281
4.1339,35.0,4.780621572212067,0.959780621572212,1312.0,2.3985374771480803,32.74,-117.23,2.382
2.4219,33.0,4.311244979919678,1.0140562248995983,1371.0,2.753012048192771,33.88,-118.31,2.607
3.6154,5.0,4.193548387096774,0.9919354838709676,1037.0,2.7876344086021505,38.02,-121.9,1.818
4.7188,52.0,7.0685358255451725,1.0062305295950156,805.0,2.5077881619937696,37.76,-122.23,3.353
3.6034,16.0,3.220956719817768,1.0546697038724373,793.0,1.806378132118451,34.44,-119.82,1.5
4.2813,17.0,6.463414634146342,1.008130081300813,1118.0,3.0298102981029813,33.13,-117.05,1.699
6.0,22.0,4.88425925925926,0.9444444444444444,682.0,3.1574074074074074,33.85,-118.08,1.913
2.5643,21.0,4.229224376731302,1.079639889196676,2805.0,1.9425207756232687,34.06,-117.19,1.027
5.1265,40.0,6.498194945848375,1.0469314079422385,761.0,2.7472924187725627,38.02,-122.16,1.961
5.2971,34.0,6.386430678466077,1.047197640117994,776.0,2.2890855457227137,37.37,-122.09,4.421
4.0,49.0,4.361702127659576,0.9787234042553192,1008.0,3.0638297872340425,37.73,-122.43,2.64
3.9063,25.0,5.079069767441861,0.8837209302325582,702.0,3.265116279069768,34.31,-119.29,1.927
4.4375,48.0,5.474725274725275,1.010989010989011,937.0,2.059340659340659,37.9,-122.54,3.7
3.2333,39.0,5.158441558441559,1.1090909090909091,1041.0,2.703896103896104,37.95,-122.34,1.351
4.0938,35.0,5.446366782006921,0.9550173010380624,1088.0,3.7647058823529416,34.12,-117.88,1.653
2.9764,14.0,4.578397212543554,1.1637630662020906,2208.0,3.846689895470383,34.06,-118.11,1.6030000000000002
3.2444,16.0,6.179166666666666,1.2041666666666666,1365.0,2.84375,38.7,-121.32,1.1840000000000002
2.25,24.0,6.044871794871796,1.3397435897435896,514.0,3.2948717948717947,36.65,-120.31,0.7659999999999999
4.6473,36.0,5.482758620689656,1.0094043887147337,855.0,2.6802507836990594,33.81,-118.13,2.271
3.3438,16.0,5.227067669172932,0.9774436090225564,2126.0,3.1969924812030075,37.7,-121.02,1.254
4.26,23.0,5.104105571847508,0.939882697947214,1952.0,2.86217008797654,34.32,-118.45,1.894
1.1765,36.0,5.3270440251572335,1.3333333333333333,567.0,3.5660377358490565,37.74,-122.19,0.871
3.2011,20.0,4.00179211469534,1.0591397849462365,1915.0,3.431899641577061,33.78,-118.28,1.6909999999999998
3.0491,34.0,4.498721227621483,1.10230179028133,1282.0,3.2787723785166234,33.97,-118.04,1.582
4.0096,5.0,5.061293984108967,1.0170261066969353,2028.0,2.3019296254256525,34.04,-117.69,1.826
6.2935,26.0,7.49831081081081,1.0405405405405406,1881.0,3.177364864864865,34.21,-118.87,2.58
3.1505,30.0,4.266666666666667,1.0206896551724138,899.0,2.066666666666667,33.88,-118.33,2.7
3.1136,36.0,5.713498622589532,0.9614325068870524,954.0,2.628099173553719,36.96,-120.08,0.738
2.8194,8.0,5.759776536312848,1.1229050279329609,606.0,3.3854748603351954,33.85,-117.24,1.3630000000000002
1.7208,27.0,3.669856459330144,1.0207336523125996,847.0,1.350877192982456,33.77,-118.09,0.675
1.8229,17.0,4.903345724907063,1.174721189591078,384.0,1.427509293680297,37.99,-122.06,1.375
3.5972,26.0,5.285714285714286,1.227405247813411,1235.0,3.6005830903790086,33.78,-117.88,1.875
3.4306,24.0,5.7407407407407405,1.0113960113960114,1031.0,2.937321937321937,36.23,-119.25,1.392
4.2386,44.0,5.959488272921108,1.0575692963752663,1235.0,2.6332622601279314,34.16,-118.1,2.837
5.2415,12.0,5.1610337972167,1.0210735586481112,8190.0,3.256461232604374,37.38,-121.85,2.865
6.8075,18.0,7.454436450839329,1.0287769784172662,2703.0,3.241007194244604,34.17,-118.75,3.259
1.7292,33.0,4.513677811550152,1.1367781155015195,1544.0,4.693009118541035,36.62,-119.31,0.52
5.5872,17.0,6.469483568075117,0.9929577464788732,1228.0,2.8826291079812205,37.96,-121.99,2.006
1.7388,18.0,4.905376344086021,1.118279569892473,1425.0,3.0645161290322585,37.36,-118.42,0.544
5.6918,12.0,12.910485933503836,2.1534526854219957,883.0,2.258312020460358,33.67,-116.29,2.313
3.6125,33.0,5.196808510638298,1.0372340425531914,1600.0,4.25531914893617,33.95,-118.05,1.7080000000000002
5.4469,33.0,6.1854545454545455,1.0545454545454545,831.0,3.021818181818182,34.06,-117.9,2.747
3.7083,17.0,5.89727463312369,1.0419287211740045,1337.0,2.80293501048218,36.98,-121.97,2.524
4.8017,39.0,5.669950738916256,1.0147783251231528,1590.0,3.916256157635469,34.1,-118.04,2.738
3.3936,15.0,5.532697547683923,1.1049046321525886,2884.0,3.929155313351498,34.07,-117.62,1.27
3.8424,21.0,5.851282051282051,1.3179487179487182,671.0,3.441025641025641,36.75,-121.76,1.557
1.2347,41.0,3.836518046709129,1.0467091295116773,1731.0,3.6751592356687897,34.0,-118.29,1.117
4.869,35.0,5.372596153846153,0.9375,1148.0,2.7596153846153846,34.27,-118.5,2.216
2.1912,42.0,4.122093023255814,1.0581395348837208,547.0,3.1802325581395348,38.44,-122.7,1.65
8.5325,14.0,7.973584905660378,0.9660377358490566,842.0,3.177358490566038,35.35,-119.09,2.241
3.9261,23.0,5.44839255499154,1.0203045685279188,1299.0,2.197969543147208,38.46,-122.71,2.133
2.56,16.0,4.395061728395062,0.9074074074074074,355.0,2.1913580246913584,34.91,-120.45,1.5
6.767,52.0,6.454268292682928,1.076219512195122,734.0,2.2378048780487805,37.45,-122.15,5.00001
3.1979,35.0,3.295081967213114,0.9528688524590164,2140.0,4.385245901639344,33.99,-118.2,1.547
3.3836,38.0,5.693581780538302,1.184265010351967,1410.0,2.919254658385093,34.08,-117.65,1.449
3.0972,34.0,6.452914798206277,1.1345291479820627,607.0,2.721973094170404,36.31,-119.29,0.828
4.7344,29.0,6.444155844155843,0.9948051948051948,1188.0,3.085714285714286,34.04,-117.31,1.346
1.9405,43.0,3.148846960167715,1.0,1844.0,3.8658280922431865,34.04,-118.21,1.525
3.2464,26.0,5.496774193548387,1.0161290322580645,918.0,2.9612903225806453,35.26,-120.68,2.08
2.9803,26.0,5.170568561872909,0.959866220735786,773.0,2.5852842809364547,38.67,-121.2,1.154
2.25,36.0,4.023041474654378,1.1059907834101383,1086.0,5.0046082949308754,33.89,-118.22,1.266
6.3197,33.0,6.13157894736842,1.0382775119617225,1230.0,2.9425837320574164,37.31,-122.02,3.401
1.8971,41.0,5.261333333333333,1.064,1107.0,2.952,36.76,-119.82,0.669
4.4,31.0,4.665816326530612,1.1683673469387754,719.0,1.834183673469388,34.01,-118.48,3.5380000000000003
3.6273,7.0,6.651162790697675,1.1403962101636522,2975.0,2.5624461670973298,33.61,-117.21,1.509
4.918,36.0,6.169491525423728,1.0610169491525423,899.0,3.0474576271186438,33.83,-118.11,2.252
6.4963,6.0,7.799038461538461,1.1100961538461538,6700.0,3.2211538461538463,34.24,-118.77,3.0810000000000004
3.4688,8.0,5.811145510835912,1.4829721362229102,884.0,2.736842105263158,38.85,-120.71,1.2009999999999998
3.7065,36.0,5.235807860262009,1.1353711790393013,665.0,2.903930131004367,34.89,-117.05,0.62
3.0187,24.0,4.173775671406003,1.099526066350711,1649.0,2.605055292259084,34.21,-118.58,2.177
2.5,21.0,4.087878787878788,1.0666666666666669,1188.0,3.6,34.08,-118.1,1.821
4.5147,34.0,6.322222222222222,1.1388888888888888,541.0,3.0055555555555555,38.39,-122.87,2.714
4.7216,20.0,4.961481481481481,1.0148148148148148,1822.0,2.6992592592592595,33.94,-117.89,2.27
2.7614,18.0,3.4558058925476605,1.001733102253033,3031.0,5.253032928942806,33.71,-117.99,2.375
3.6693,28.0,5.088028169014085,0.943661971830986,1017.0,3.580985915492957,36.83,-121.76,2.11
5.6674,11.0,6.196969696969697,1.02020202020202,645.0,3.2575757575757582,33.02,-116.84,2.0980000000000003
4.0616,13.0,5.157894736842105,1.0197368421052628,2814.0,3.702631578947369,32.59,-117.06,1.4880000000000002
4.5,23.0,4.835734870317003,1.063400576368876,912.0,2.6282420749279543,33.84,-117.87,2.373
1.7237,36.0,4.5109170305676844,1.1659388646288211,1112.0,4.85589519650655,34.0,-118.25,1.058
3.1946,5.0,5.618618618618618,1.0610610610610611,3569.0,3.5725725725725725,34.57,-117.93,1.327
6.2141,4.0,6.716019417475728,1.0784789644012944,3941.0,3.1885113268608416,33.92,-117.7,2.522
4.1953,5.0,6.161695447409732,1.0627943485086342,6686.0,3.4986917844060703,33.89,-117.23,1.366
4.8438,36.0,5.449720670391061,1.0195530726256985,1254.0,3.502793296089385,33.85,-117.96,1.857
5.2276,26.0,4.814921090387374,1.033715925394548,2803.0,2.0107604017216643,33.87,-118.4,4.345
3.1786,36.0,5.819672131147541,0.9704918032786886,937.0,3.072131147540984,38.68,-121.37,0.8340000000000001
2.9219,17.0,6.113960113960114,1.1282051282051282,862.0,2.4558404558404563,38.73,-120.71,1.413
2.6091,21.0,3.7839541547277937,1.1369627507163325,5546.0,3.1782234957020057,33.9,-118.33,1.639
2.3062,15.0,4.9308755760368665,0.9585253456221198,470.0,2.165898617511521,33.14,-117.15,1.589
2.681,28.0,3.988294314381272,1.1103678929765886,3201.0,2.6764214046822743,33.95,-118.35,1.477
2.1759,20.0,4.1054054054054046,1.0162162162162165,1681.0,4.543243243243243,36.85,-120.45,0.581
3.5938,36.0,5.7438423645320205,1.0640394088669949,504.0,2.4827586206896552,39.15,-123.22,1.221
4.4063,23.0,5.6679174484052535,0.9887429643527204,1580.0,2.964352720450281,34.01,-117.32,1.2990000000000002
1.975,26.0,5.282786885245901,1.0737704918032789,1100.0,4.508196721311474,36.06,-118.97,0.514
2.0096,22.0,4.027027027027027,1.045045045045045,754.0,3.3963963963963963,33.9,-118.26,1.107
10.9722,5.0,7.978070175438598,1.0745614035087718,802.0,3.517543859649123,37.46,-121.88,5.00001
3.875,52.0,4.387254901960786,0.9705882352941176,386.0,1.8921568627450984,37.87,-122.29,1.826
6.3735,8.0,5.339130434782608,1.0260869565217392,278.0,2.4173913043478263,38.09,-122.19,1.663
8.1586,36.0,6.954451345755694,1.020703933747412,1298.0,2.6873706004140785,37.86,-122.16,4.043
8.338,52.0,8.297101449275363,0.9637681159420288,334.0,2.420289855072464,38.54,-121.5,4.058
1.6351,23.0,4.9950248756218905,1.099502487562189,697.0,3.4676616915422884,32.79,-115.55,0.596
2.2069,52.0,3.398663697104677,1.0200445434298442,1633.0,3.636971046770601,34.41,-119.7,2.265
2.3403,46.0,3.6026200873362444,1.0109170305676856,1992.0,4.349344978165939,34.0,-118.28,1.141
6.1159,52.0,6.855614973262032,1.0106951871657754,431.0,2.304812834224599,34.14,-118.08,4.708
2.6429,52.0,3.7460317460317465,1.1587301587301588,415.0,3.293650793650793,37.78,-122.23,0.713
2.6667,35.0,3.8959537572254335,0.884393063583815,808.0,4.670520231213873,34.27,-118.42,1.4780000000000002
6.035,5.0,5.431472081218273,1.065989847715736,990.0,2.512690355329949,37.54,-122.27,4.388
0.6775,52.0,1.7482866043613707,1.211214953271028,2232.0,1.3906542056074769,34.05,-118.25,3.5
7.4219,31.0,4.806569343065694,1.0364963503649636,523.0,1.9087591240875912,34.06,-118.43,5.00001
6.2984,18.0,6.022801302931597,0.9348534201954396,2046.0,3.332247557003257,33.73,-117.97,2.698
1.8299,45.0,4.835064935064935,1.0792207792207793,2256.0,2.92987012987013,36.34,-119.3,0.631
3.1989,52.0,4.295049504950495,1.0336633663366337,1220.0,2.415841584158416,37.78,-122.47,4.468999999999999
3.625,36.0,5.075601374570447,1.0481099656357389,788.0,2.7079037800687287,33.9,-118.13,1.958
5.7192,15.0,6.395348837209302,1.0679785330948122,1777.0,3.178890876565295,37.58,-121.96,2.835
3.3955,19.0,3.524737631184408,1.1034482758620692,2636.0,1.9760119940029983,34.02,-118.41,2.25
7.1687,22.0,7.615720524017467,0.9868995633187772,1479.0,3.2292576419213974,34.46,-119.81,3.844
2.3594,30.0,5.03728813559322,1.076271186440678,1940.0,3.2881355932203387,37.29,-120.46,0.723
1.6691,52.0,4.307420494699647,1.017667844522968,847.0,2.9929328621908127,38.3,-122.29,1.833
1.8781,29.0,3.751269035532995,1.0482233502538072,1580.0,4.0101522842639605,34.06,-118.21,1.475
1.9955,50.0,5.101010101010101,0.98989898989899,852.0,2.8686868686868685,36.75,-119.75,0.542
8.7394,23.0,6.951871657754011,1.0641711229946524,917.0,2.4518716577540105,34.44,-119.68,5.00001
2.5804,43.0,5.4781491002570695,1.025706940874036,910.0,2.339331619537275,40.62,-124.13,0.921
7.5,45.0,6.233128834355829,1.0552147239263805,361.0,2.214723926380368,33.78,-118.13,4.345
1.8839,32.0,11.572519083969464,2.206106870229008,304.0,2.3206106870229006,39.66,-120.48,0.71
2.5938,48.0,6.225563909774437,1.368421052631579,392.0,2.9473684210526314,37.81,-122.3,0.735
2.125,30.0,5.201663201663202,1.0873180873180872,1296.0,2.6943866943866945,40.47,-122.33,0.6609999999999999
2.5187,18.0,5.467261904761906,1.1547619047619049,727.0,2.1636904761904763,34.04,-117.33,1.167
3.0926,6.0,3.67351598173516,1.0833333333333333,2295.0,2.6198630136986303,34.24,-118.52,4.185
2.3977,52.0,5.32345013477089,1.0215633423180592,1043.0,2.811320754716981,33.98,-118.31,1.122
6.0274,36.0,6.2075471698113205,1.026954177897574,862.0,2.3234501347708894,37.75,-122.45,3.49
2.9871,18.0,5.105,1.05,914.0,2.285,38.23,-122.61,1.938
3.045,26.0,4.44364012409514,1.0723888314374357,3596.0,3.7187176835573936,33.78,-117.91,1.84
2.6535,26.0,3.1676470588235293,1.0676470588235294,3193.0,3.130392156862745,33.95,-118.36,1.7719999999999998
5.0044,38.0,6.0251572327044025,1.2720125786163523,1332.0,2.0943396226415096,33.48,-117.76,3.812
2.4421,9.0,3.3449931412894376,1.0205761316872428,4486.0,3.07681755829904,34.14,-118.24,2.221
4.125,39.0,5.126353790613718,0.9819494584837544,645.0,2.328519855595668,37.7,-122.07,2.325
4.6312,7.0,5.839679358717435,0.9639278557114228,1584.0,3.1743486973947896,34.18,-117.34,1.249
3.1654,25.0,5.267605633802816,0.9295774647887324,564.0,2.647887323943662,38.6,-121.28,1.116
2.5,35.0,3.36697247706422,1.036697247706422,398.0,3.651376146788991,37.47,-122.22,1.6669999999999998
6.3369,4.0,4.863731656184488,0.8490566037735849,1408.0,2.951781970649895,33.47,-117.63,2.56
2.4727,19.0,3.772296015180266,1.127134724857685,1399.0,2.6546489563567364,34.25,-118.29,1.75
3.6875,28.0,4.65566037735849,1.0471698113207548,2974.0,2.004043126684636,37.74,-122.27,3.539
3.7375,14.0,4.898128898128898,0.9106029106029108,1378.0,2.864864864864865,38.03,-121.36,1.388
2.9453,26.0,5.411904761904762,1.1285714285714286,1124.0,2.676190476190476,38.39,-122.8,1.6669999999999998
4.125,18.0,5.583815028901733,1.0115606936416186,1071.0,3.0953757225433525,34.97,-120.42,1.398
5.7415,37.0,6.424581005586593,1.1340782122905029,511.0,2.854748603351956,37.13,-121.93,3.985
8.0727,25.0,6.908408408408407,1.045045045045045,2003.0,3.0075075075075075,37.31,-122.05,4.555
2.7993,37.0,4.422062350119903,0.9160671462829736,1634.0,3.918465227817746,37.47,-122.15,1.455
5.6385,26.0,6.491452991452992,1.0,1825.0,3.8995726495726495,34.26,-118.77,1.969
1.4886,50.0,4.0251572327044025,1.1111111111111112,1525.0,3.19706498951782,37.78,-122.22,1.288
1.5714,39.0,3.8303571428571432,1.0178571428571428,1222.0,5.455357142857144,36.52,-119.29,0.43
3.8274,52.0,5.341959334565619,1.0554528650646948,1769.0,3.269870609981516,37.72,-122.44,2.52
2.7917,47.0,5.436842105263158,1.1105263157894736,1156.0,3.0421052631578958,33.97,-118.31,1.258
2.4042,29.0,4.32037037037037,0.9962962962962963,1120.0,2.074074074074074,37.68,-122.09,2.056
1.2917,43.0,3.831034482758621,0.9275862068965516,613.0,2.113793103448276,38.61,-121.46,0.6629999999999999
3.2177,28.0,3.878423513694055,1.070808283233133,2563.0,1.7120908483633934,37.81,-122.25,2.734
2.6094,20.0,5.068783068783069,1.2962962962962965,590.0,3.121693121693122,36.25,-121.84,3.625
2.8828,36.0,5.7,1.0666666666666669,861.0,2.87,37.94,-121.7,1.311
2.4022,47.0,4.741847826086956,1.0081521739130437,1079.0,2.932065217391304,34.01,-118.32,1.234
4.7328,45.0,5.573913043478261,1.0847826086956522,1056.0,2.2956521739130435,37.78,-122.51,3.511
4.4437,16.0,5.9326599326599325,0.9865319865319864,810.0,2.727272727272727,38.37,-122.85,3.05
3.8676,40.0,5.514195583596215,1.003154574132492,914.0,2.883280757097792,37.67,-122.13,1.84
3.3438,29.0,5.803347280334728,0.98744769874477,671.0,2.807531380753138,33.63,-114.58,0.74
2.5865,42.0,4.952586206896552,1.137931034482759,703.0,3.030172413793104,36.96,-122.04,2.064
4.3472,22.0,5.392513368983956,1.041711229946524,2260.0,2.4171122994652405,33.74,-118.31,3.512
3.7941,37.0,4.771543086172345,1.1523046092184368,1235.0,2.4749498997996,34.16,-118.33,2.478
3.4836,27.0,3.5549412577747064,1.0234968901174843,2518.0,1.7401520387007603,37.58,-122.33,2.879
4.3667,52.0,4.908963585434174,1.0434173669467788,1374.0,1.92436974789916,37.77,-122.44,5.00001
3.6333,14.0,5.902777777777778,0.9666666666666668,1067.0,2.963888888888889,34.49,-117.21,1.162
3.5154,19.0,3.305290546400694,1.0641803989592369,1930.0,1.6738941890719858,37.35,-122.03,3.114
2.2925,7.0,6.12907045589106,1.1882770870337478,3559.0,2.1071640023682647,33.77,-116.99,1.131
2.7083,16.0,10.512820512820513,2.4153846153846152,588.0,3.015384615384616,40.93,-122.81,0.889
3.5114,52.0,5.585131894484412,1.0671462829736211,1144.0,2.7434052757793763,37.77,-122.19,1.5119999999999998
4.7515,18.0,5.260416666666667,1.0873397435897436,3079.0,2.467147435897436,33.71,-118.01,2.9560000000000004
3.125,10.0,21.09523809523809,5.285714285714286,48.0,2.2857142857142856,36.19,-118.37,0.713
5.4635,37.0,5.8108108108108105,1.0115830115830116,798.0,3.081081081081081,34.06,-117.93,2.021
3.175,26.0,4.670588235294118,1.0705882352941176,709.0,4.170588235294118,34.07,-118.09,1.7080000000000002
2.6487,13.0,5.072538860103627,1.2055267702936097,1246.0,2.151986183074266,33.16,-117.21,1.96
8.2266,28.0,9.163865546218489,1.1932773109243695,728.0,3.0588235294117645,37.36,-122.08,5.00001
3.6219,29.0,4.698234349919743,1.0176565008025682,1710.0,2.744783306581059,34.11,-117.65,1.766
3.5391,30.0,5.229468599033816,1.2946859903381642,1500.0,3.6231884057971016,37.75,-119.55,0.5589999999999999
5.2831,52.0,5.4909560723514215,0.9870801033591732,930.0,2.4031007751937983,37.33,-121.92,2.995
1.6952,39.0,4.076323987538942,1.026479750778816,2052.0,3.1962616822429912,37.64,-120.98,0.65
2.006,25.0,5.186335403726709,1.0952380952380951,1145.0,2.370600414078675,37.96,-120.47,1.03
3.5186,4.0,4.555873925501434,1.1346704871060171,3359.0,2.4061604584527214,34.1,-117.58,1.278
2.7734,34.0,3.0472103004291844,0.8798283261802575,1134.0,4.866952789699571,33.94,-118.21,1.411
3.1,30.0,4.977491961414791,0.9067524115755627,886.0,2.8488745980707395,36.76,-119.73,0.713
3.9798,31.0,5.017761989342807,0.9698046181172292,1908.0,3.3889875666074603,33.78,-117.98,1.875
6.7836,18.0,6.6679104477611935,0.9402985074626866,1803.0,3.363805970149253,37.24,-121.84,2.741
3.2417,36.0,3.684057971014493,1.0028985507246375,811.0,2.3507246376811595,33.88,-118.33,2.833
5.8527,22.0,6.309486780715398,0.9704510108864696,2204.0,3.4276827371695178,33.81,-118.04,2.41
3.95,21.0,6.224390243902439,1.0146341463414634,501.0,2.44390243902439,38.66,-121.32,1.436
4.5903,13.0,6.759358288770053,1.0802139037433156,552.0,2.9518716577540105,35.39,-119.12,0.943
3.0217,52.0,4.424242424242424,1.0404040404040404,176.0,1.7777777777777777,38.57,-121.47,2.0
3.3844,52.0,5.6900452488687785,1.0407239819004526,836.0,1.8914027149321264,38.55,-121.49,1.511
4.5398,52.0,4.324055666003976,1.013916500994036,809.0,1.6083499005964217,37.86,-122.49,4.42
3.5129,36.0,4.352750809061488,1.0711974110032365,1511.0,4.889967637540453,34.05,-118.03,1.423
4.9808,28.0,5.527196652719665,1.00418410041841,652.0,2.728033472803346,36.99,-122.01,2.631
2.4359,48.0,2.7782340862423,1.002053388090349,1945.0,3.9938398357289526,34.04,-118.29,1.237
1.0938,20.0,1.1304347826086956,1.0434782608695652,120.0,1.7391304347826086,37.37,-121.9,1.875
1.8594,12.0,3.755403868031853,1.0955631399317407,2000.0,2.2753128555176336,32.74,-117.02,1.192
2.1101,34.0,5.6073298429319385,1.099476439790576,1056.0,2.764397905759162,40.78,-124.13,0.8690000000000001
1.0114,45.0,4.29,1.27,510.0,2.55,38.57,-121.5,0.8
1.4529,25.0,4.087478559176672,0.9879931389365352,1234.0,2.1166380789022297,37.49,-120.84,0.861
2.3155,14.0,4.29014598540146,1.131386861313869,1215.0,2.2171532846715327,39.76,-121.84,1.023
10.0973,25.0,7.307420494699647,1.0,3392.0,2.9964664310954063,33.74,-118.35,5.00001
5.3096,47.0,5.588095238095238,1.0404761904761906,1219.0,2.9023809523809523,33.81,-118.2,2.099
3.23,11.0,11.90079365079365,2.246031746031746,1825.0,2.414021164021164,35.76,-120.93,1.543
5.7485,26.0,5.366666666666666,0.9,1542.0,51.4,37.89,-121.29,1.625
2.7907,29.0,5.097259062776304,1.0344827586206895,3266.0,2.887709991158267,38.02,-121.94,1.139
6.6678,16.0,7.6923076923076925,1.017094017094017,871.0,3.7222222222222223,33.88,-117.78,3.019
1.8095,39.0,4.403100775193798,0.9844961240310076,267.0,2.069767441860465,39.75,-121.85,0.7809999999999999
4.0337,23.0,6.094420600858369,1.053648068669528,1586.0,3.40343347639485,38.16,-122.26,1.304
1.9912,16.0,5.758842443729904,1.1564844587352625,1573.0,1.6859592711682745,33.72,-117.2,0.986
2.1955,46.0,5.695020746887968,1.1265560165975104,1423.0,2.9522821576763487,35.13,-119.46,0.2689999999999999
2.6392,26.0,3.832264957264957,1.1047008547008548,1821.0,1.9455128205128205,37.78,-122.43,2.875
5.3623,15.0,7.55956678700361,1.1407942238267148,937.0,3.3826714801444044,33.73,-116.89,2.013
6.6447,20.0,6.170940170940171,1.0213675213675213,2757.0,2.9455128205128207,33.77,-118.31,4.168
2.3187,34.0,5.184729064039409,1.0935960591133005,780.0,1.9211822660098523,32.85,-117.27,4.888999999999999
4.436,7.0,6.360294117647059,1.0546218487394958,3031.0,3.1838235294117645,32.69,-117.02,1.35
3.6667,38.0,5.182222222222221,0.9911111111111112,584.0,2.5955555555555554,38.42,-122.86,2.444
2.1094,10.0,5.817767653758542,1.14123006833713,922.0,2.1002277904328017,37.96,-120.39,1.64
2.5,32.0,4.862857142857143,0.9942857142857144,1016.0,2.9028571428571435,36.25,-119.46,0.736
4.1544,16.0,6.405566600397616,1.0159045725646123,1425.0,2.8330019880715707,36.95,-120.09,1.194
5.5677,16.0,6.2719665271966525,0.9707112970711296,918.0,3.8410041841004174,34.03,-117.6,1.754
3.4643,42.0,4.763754045307443,1.0032362459546926,768.0,2.485436893203884,37.69,-122.11,1.609
4.3672,4.0,5.81283422459893,1.228163992869875,926.0,1.6506238859180036,33.12,-117.21,2.589
2.96,19.0,5.0701754385964914,1.067251461988304,866.0,2.5321637426900585,40.95,-124.11,0.8170000000000001
4.1576,19.0,5.788235294117648,0.9529411764705882,1225.0,2.8823529411764706,37.4,-118.43,1.415
5.791,36.0,5.275,0.95625,373.0,2.33125,37.34,-121.96,2.541
3.0294,42.0,4.919449901768173,1.0864440078585462,1550.0,3.0451866404715133,34.07,-117.74,1.357
3.184,20.0,3.863888888888889,1.0916666666666666,856.0,2.3777777777777778,33.65,-117.92,2.2
3.9265,39.0,5.885714285714287,1.0914285714285714,537.0,3.0685714285714285,37.27,-121.94,2.369
3.6639,25.0,5.126482213438735,1.1172595520421609,1848.0,2.4347826086956523,34.12,-118.06,2.481
4.0208,52.0,5.169683257918551,0.9841628959276018,1211.0,2.7398190045248865,37.74,-122.48,3.2310000000000003
4.2594,36.0,5.3663911845730015,0.9393939393939394,992.0,2.7327823691460056,33.94,-118.15,2.424
8.9728,39.0,7.013201320132012,0.9735973597359736,862.0,2.8448844884488453,34.14,-118.05,5.00001
6.5515,18.0,6.552117263843647,0.994299674267101,4276.0,3.482084690553746,33.88,-118.1,3.196
5.0562,52.0,5.539759036144578,1.0626506024096385,1252.0,3.0168674698795184,37.77,-122.5,3.367
2.2339,45.0,4.712025316455696,1.0727848101265822,791.0,2.5031645569620253,33.99,-118.31,1.048
2.3667,39.0,3.572463768115942,1.2173913043478262,259.0,1.8768115942028984,34.15,-118.33,0.175
2.9861,17.0,5.376413570274637,1.0145395799676895,1580.0,2.5525040387722133,37.12,-120.27,0.815
5.3462,46.0,6.75,0.998015873015873,1389.0,2.755952380952381,34.0,-118.35,2.704
2.7714,38.0,4.201612903225806,1.1653225806451613,773.0,3.1169354838709675,37.95,-122.36,1.047
2.6902,15.0,5.087064676616915,1.1467661691542288,1121.0,2.788557213930348,40.43,-120.57,0.715
6.4266,5.0,6.730284479654302,1.030608570399712,9427.0,3.3946705077421675,34.02,-117.79,3.156
2.7344,25.0,4.166112956810632,1.0365448504983388,715.0,2.3754152823920265,33.98,-117.11,1.49
4.0968,30.0,3.9354624085163006,1.164337990685296,2136.0,1.4211576846307383,33.74,-118.18,3.1
2.0,5.0,4.572668112798263,1.075921908893709,1666.0,3.613882863340564,33.77,-117.23,0.83
5.752000000000001,35.0,5.7285714285714295,1.0,802.0,2.8642857142857143,33.95,-118.12,2.91
4.0524,13.0,4.074949358541526,1.047265361242404,2946.0,1.9891964888588791,37.31,-121.92,2.139
3.2872,17.0,4.558295964125562,1.0134529147982063,1114.0,2.497757847533632,38.01,-121.34,1.75
5.7579,17.0,5.981969486823855,0.9944521497919556,2629.0,3.6463245492371694,37.58,-122.01,2.318
5.6754,12.0,5.380697050938338,1.064343163538874,1033.0,2.7694369973190347,33.48,-117.64,2.759
3.2216,48.0,4.853403141361255,0.9424083769633508,1126.0,2.947643979057592,34.19,-118.15,1.616
4.3,32.0,5.740112994350282,1.073446327683616,729.0,4.11864406779661,33.92,-118.11,1.513
1.6887,44.0,4.465587044534413,1.0728744939271255,760.0,3.0769230769230766,33.94,-118.26,0.996
1.9402,43.0,2.8190709046454767,1.0048899755501222,1667.0,4.075794621026895,34.05,-118.22,1.393
5.529,36.0,5.334042553191488,1.1,1232.0,2.6212765957446806,34.22,-118.24,2.4130000000000003
1.585,52.0,4.376021798365122,1.1416893732970028,891.0,2.427792915531336,40.8,-124.17,0.755
4.0109,36.0,5.786516853932585,1.0224719101123596,863.0,3.2322097378277155,37.69,-122.15,1.929
1.2347,16.0,3.6666666666666665,1.0825082508250825,930.0,3.0693069306930694,32.75,-117.08,1.281
2.3194,20.0,5.778145695364239,1.152317880794702,1093.0,3.6192052980132448,36.77,-120.21,0.906
4.4318,52.0,5.7438423645320205,1.0689655172413792,861.0,2.1206896551724137,37.76,-122.43,4.375
4.0929,33.0,4.739534883720929,0.8883720930232558,938.0,4.362790697674418,37.34,-121.84,1.65
4.4529,10.0,6.006167400881058,1.0466960352422907,4163.0,3.66784140969163,38.15,-122.24,1.4409999999999998
3.2984,21.0,4.357601713062098,1.1434689507494646,948.0,2.0299785867237685,33.07,-117.31,3.694
2.794,15.0,4.855824682814302,1.0369088811995386,1933.0,2.229527104959631,35.25,-120.69,2.625
2.575,15.0,5.828196347031962,1.1386986301369864,5656.0,3.2283105022831053,38.49,-121.46,1.079
7.3693,25.0,6.695271453590193,1.02276707530648,1689.0,2.957968476357268,37.33,-122.02,3.736
3.2369,17.0,4.465677179962894,1.0120593692022264,3013.0,2.7949907235621523,32.95,-117.05,1.6780000000000002
3.3208,47.0,4.318295739348371,0.974937343358396,1216.0,3.0476190476190474,37.72,-122.46,2.386
5.7376,17.0,6.163636363636364,1.02020202020202,1705.0,3.4444444444444446,34.28,-118.72,2.186
4.6048,34.0,3.679442508710802,1.069686411149826,946.0,1.6480836236933798,33.82,-118.43,5.00001
6.0701,23.0,7.390804597701149,1.0620689655172413,1411.0,3.2436781609195404,34.05,-117.16,1.499
5.25,35.0,5.788321167883213,0.9343065693430656,589.0,4.299270072992701,33.84,-117.97,1.902
3.4612,36.0,4.80241935483871,1.0725806451612905,718.0,2.8951612903225805,34.22,-118.44,1.788
7.5349,33.0,7.002890173410405,0.930635838150289,998.0,2.8843930635838158,37.89,-122.04,3.491
4.1711,38.0,5.440116845180137,0.9698149951314508,2466.0,2.401168451801363,37.99,-122.57,3.369
5.143,9.0,6.139896373056994,1.0984455958549222,1129.0,2.924870466321244,37.98,-121.33,1.765
4.0219,35.0,4.204460966542751,1.0148698884758365,1007.0,3.7434944237918217,33.84,-118.22,1.683
2.4074,24.0,3.333333333333333,1.050400916380298,2522.0,2.888888888888889,34.17,-118.31,2.194
6.3654,26.0,7.3610648918469215,1.0249584026622296,1839.0,3.059900166389351,34.45,-119.84,3.312
4.2237,25.0,5.995226730310263,1.0513126491646778,1994.0,2.379474940334129,38.27,-122.45,2.623
5.8374,36.0,5.438202247191012,0.9644194756554308,1463.0,2.739700374531836,33.91,-118.38,2.8960000000000004
6.0137,17.0,6.129251700680273,1.0147392290249433,2337.0,2.6496598639455784,34.24,-118.61,3.759
5.223,33.0,5.584126984126984,0.9873015873015872,943.0,2.9936507936507937,34.2,-118.57,2.092
1.9949,14.0,2.749559082892416,1.1393298059964727,1639.0,2.890652557319224,34.06,-118.31,3.8
1.6983,34.0,4.872586872586872,1.0308880308880308,520.0,2.007722007722008,40.58,-122.38,0.726
6.4232,7.0,6.707512764405544,1.0145878920495988,8276.0,3.0182348650619986,38.08,-122.17,2.292
2.4567,43.0,5.006578947368421,1.0723684210526316,1456.0,2.394736842105264,35.62,-120.69,1.4
7.8407,36.0,7.27467105263158,1.0394736842105263,1719.0,2.827302631578948,37.23,-121.96,4.763999999999999
5.6302,48.0,5.790099009900991,0.9683168316831684,1159.0,2.295049504950495,37.91,-122.54,4.89
3.1275,29.0,4.501564129301356,1.08133472367049,2102.0,2.1918665276329508,33.8,-118.32,2.864
1.7701,26.0,2.666082383873795,1.098159509202454,4812.0,4.217353198948291,33.78,-118.18,1.462
8.1093,17.0,7.315359477124183,0.9967320261437908,1798.0,2.9379084967320264,33.63,-117.81,4.104
2.3006,23.0,5.081746031746032,1.0873015873015872,3573.0,2.835714285714286,36.76,-119.72,0.69
4.1312,35.0,5.882352941176472,0.9754901960784312,1218.0,2.9852941176470584,33.93,-118.02,1.938
2.2708,26.0,3.947058823529412,1.080392156862745,664.0,1.3019607843137255,33.77,-118.08,0.675
3.5938,44.0,5.047970479704797,1.0221402214022142,899.0,3.3173431734317345,33.92,-118.16,1.6130000000000002
3.2125,19.0,5.2075471698113205,1.2169811320754718,314.0,2.962264150943396,34.68,-118.27,1.854
6.6178,44.0,6.83955223880597,1.2350746268656716,515.0,1.921641791044776,33.51,-117.78,5.00001
2.1587,43.0,4.319648093841642,1.0879765395894427,1231.0,3.6099706744868034,37.73,-122.17,0.865
4.25,40.0,5.302593659942364,1.0317002881844382,1218.0,3.510086455331412,34.19,-118.16,1.779
3.0481,3.0,4.2090452261306535,1.1417085427135678,2081.0,2.091457286432161,38.59,-121.28,0.925
4.6042,36.0,5.940919037199126,1.0371991247264771,1303.0,2.8512035010940915,33.75,-118.31,3.573
4.6429,36.0,6.0891719745222925,1.0127388535031847,416.0,2.64968152866242,33.85,-118.1,2.237
0.8941,27.0,3.517467248908297,1.0458515283842795,1457.0,3.1812227074235806,34.0,-118.26,0.919
5.8596,50.0,6.742627345844504,1.0697050938337802,970.0,2.6005361930294906,37.84,-122.23,3.276
5.2955,23.0,6.831168831168832,1.0493506493506493,1184.0,3.0753246753246755,34.17,-118.95,2.476
2.6801,12.0,4.378486055776892,1.0099601593625498,1971.0,3.926294820717132,36.24,-121.02,1.0
1.7054,40.0,3.963369963369964,1.164835164835165,1085.0,3.9743589743589753,34.05,-118.2,1.172
2.1,41.0,3.4976076555023923,1.0370813397129186,2751.0,3.2906698564593304,34.19,-118.37,1.716
4.4306,14.0,5.355191256830602,0.9344262295081968,659.0,3.601092896174864,38.28,-121.33,1.7009999999999998
0.7714,16.0,2.698581560283688,1.0851063829787233,438.0,1.5531914893617018,37.95,-121.29,0.875
3.2889,32.0,5.061085972850679,1.0509049773755657,2177.0,2.4626696832579187,38.0,-121.33,0.989
4.0417,14.0,3.6955903271692745,1.0796586059743956,1584.0,2.2532005689900427,33.65,-117.91,1.809
3.6618,36.0,4.483660130718954,0.9640522875816994,774.0,2.5294117647058822,34.22,-118.43,1.873
6.6727,25.0,7.144808743169398,1.005464480874317,935.0,2.554644808743169,37.96,-122.02,3.051
4.0417,52.0,6.452830188679246,1.0471698113207548,1301.0,2.4547169811320755,38.56,-121.45,1.7380000000000002
